"MMT","MY","MileGrpATC","prob_rate"
"Acura MDX",2018,1,0.00812535960377947
"Acura MDX",2018,2,0.00577759840377572
"Acura MDX",2018,3,0.0150039670724318
"Acura MDX",2019,1,0.00526584511758968
"Acura MDX",2019,2,0.00443605058377511
"Acura MDX",2019,3,0.0345150712399071
"Acura MDX",2020,1,0.00859206193812802
"Acura MDX",2020,2,0.00829431877170872
"Acura MDX",2020,3,0.0249156144272772
"Acura RDX",2018,1,0.00329578050516122
"Acura RDX",2018,2,0.00846349794001946
"Acura RDX",2018,3,0.00351484028639287
"Acura RDX",2019,1,0.00304106993915633
"Acura RDX",2019,2,0.00183119046890512
"Acura RDX",2019,3,0.00582115644476271
"Acura RDX",2020,1,0.00698085457145887
"Acura RDX",2020,2,0.0221756393884261
"Acura RDX",2020,3,0.026991116474995
"Acura TLX",2018,1,0.00487702852877395
"Acura TLX",2018,2,0.00449576427412363
"Acura TLX",2018,3,0.00452428458994432
"Acura TLX",2019,1,0.00549806064177136
"Acura TLX",2019,2,0.0046939681944779
"Acura TLX",2019,3,0.00521346179394962
"Acura TLX",2020,1,0.00600863137829827
"Acura TLX",2020,2,0.00568275817619105
"Acura TLX",2020,3,0.00654608756021617
"Alfa Romeo Giulia",2018,1,0.00817834634141433
"Alfa Romeo Giulia",2018,2,0.00867447748686587
"Alfa Romeo Giulia",2018,3,0.0105038341390193
"Alfa Romeo Giulia",2019,1,0.0096228707659866
"Alfa Romeo Giulia",2019,2,0.0113267411941706
"Alfa Romeo Giulia",2019,3,0.012241404188911
"Alfa Romeo Giulia",2020,1,0.0122362721130596
"Alfa Romeo Giulia",2020,2,0.0155139853529261
"Alfa Romeo Stelvio",2018,1,0.0145162544041987
"Alfa Romeo Stelvio",2018,2,0.0269287598630269
"Alfa Romeo Stelvio",2018,3,0.0160883538213446
"Alfa Romeo Stelvio",2019,1,0.0121863674594498
"Alfa Romeo Stelvio",2019,2,0.012402659312434
"Alfa Romeo Stelvio",2019,3,0.016048160411337
"Alfa Romeo Stelvio",2020,1,0.021092155093253
"Audi A3",2018,1,0.00600372335495494
"Audi A3",2018,2,0.0062943985359066
"Audi A3",2018,3,0.00739254186885849
"Audi A3",2019,1,0.00695334200168813
"Audi A3",2019,2,0.00886480616920428
"Audi A3",2019,3,0.0108202585418137
"Audi A3",2020,1,0.01498132364314
"Audi A3",2020,2,0.0140044209712482
"Audi A3",2020,3,0.0133791626848251
"Audi A4/Audi Allroad",2018,1,0.00301593904226711
"Audi A4/Audi Allroad",2018,2,0.00659197092432156
"Audi A4/Audi Allroad",2018,3,0.00319841249900914
"Audi A4/Audi Allroad",2019,1,0.00266771058188653
"Audi A4/Audi Allroad",2019,2,0.0030305972127362
"Audi A4/Audi Allroad",2019,3,0.00473501140702879
"Audi A4/Audi Allroad",2020,1,0.00687483186282981
"Audi A4/Audi Allroad",2020,2,0.00856502155750976
"Audi A4/Audi Allroad",2020,3,0.010871838472276
"Audi A5/Audi S5",2018,1,0.00900032215128294
"Audi A5/Audi S5",2018,2,0.00255596432564967
"Audi A5/Audi S5",2018,3,0.00330597065442655
"Audi A5/Audi S5",2019,1,0.00259855905572258
"Audi A5/Audi S5",2019,2,0.00375787742056781
"Audi A5/Audi S5",2019,3,0.00516058976016287
"Audi A5/Audi S5",2020,1,0.00895052516646405
"Audi A5/Audi S5",2020,2,0.00997804966136976
"Audi A5/Audi S5",2020,3,0.00867824480291176
"Audi A6",2018,1,0.00576581369168816
"Audi A6",2018,2,0.00740366963079124
"Audi A6",2018,3,0.00787374358936415
"Audi A6",2019,1,0.00496478532908636
"Audi A6",2019,2,0.00493967163439477
"Audi A6",2019,3,0.0168683756383415
"Audi A6",2020,1,0.0142798150388944
"Audi A6",2020,2,0.0148859269853822
"Audi A6",2020,3,0.0156933081368082
"Audi A7",2018,1,0.0110050216158832
"Audi A7",2018,2,0.0113095883718694
"Audi A7",2018,3,0.0103656533662939
"Audi A7",2019,1,0.00756320054288696
"Audi A7",2019,2,0.00750321259471995
"Audi A7",2019,3,0.00854552207130691
"Audi A7",2020,1,0.0158864251892455
"Audi A7",2020,2,0.0176319275798484
"Audi Q3",2018,1,0.00721484644704039
"Audi Q3",2018,2,0.00555257961968255
"Audi Q3",2018,3,0.00777805956580909
"Audi Q3",2019,1,0.0368543314321818
"Audi Q3",2019,2,0.019054103252347
"Audi Q3",2020,1,0.0122525702099441
"Audi Q3",2020,2,0.03938182049141
"Audi Q3",2020,3,0.0119758633916188
"Audi Q5",2018,1,0.00509208288971497
"Audi Q5",2018,2,0.00679224076147725
"Audi Q5",2018,3,0.00136221446664295
"Audi Q5",2019,1,0.00212995578027727
"Audi Q5",2019,2,0.00640450736183706
"Audi Q5",2019,3,0.00343858734233214
"Audi Q5",2020,1,0.00348718843602742
"Audi Q5",2020,2,0.00362543569159041
"Audi Q5",2020,3,0.00508657985177016
"Audi Q7",2018,1,0.00274888969702331
"Audi Q7",2018,2,0.00615099986775106
"Audi Q7",2018,3,0.00222488254086046
"Audi Q7",2019,1,0.00247778596647106
"Audi Q7",2019,2,0.00230145438630078
"Audi Q7",2019,3,0.00293476515562544
"Audi Q7",2020,1,0.00702115718639634
"Audi Q7",2020,2,0.00734618720684211
"Audi Q7",2020,3,0.00858417867012408
"Audi Q8",2019,1,0.00622950627661868
"Audi Q8",2019,2,0.00609016653244959
"Audi Q8",2019,3,0.00620200005537615
"Audi Q8",2020,1,0.011746152166404
"Audi Q8",2020,2,0.0118098094129024
"Audi Q8",2020,3,0.0135605317188111
"Audi S4",2018,1,0.00987458270459828
"Audi S4",2018,2,0.00939462590181043
"Audi S4",2018,3,0.0114731923730905
"Audi S4",2019,1,0.00953387142222882
"Audi S4",2019,2,0.0117448393345212
"Audi S4",2019,3,0.0108820399295813
"Audi S4",2020,1,0.0169805132485357
"Audi S4",2020,2,0.0176515165977084
"Audi e-tron",2019,1,0.00491023611710727
"Audi e-tron",2019,2,0.00669884504035229
"Audi e-tron",2019,3,0.00774864241897651
"Audi e-tron",2020,2,0.0201118639136203
"Audi e-tron",2020,3,0.0203373854110352
"BMW 2 Series",2018,1,0.0169079822402982
"BMW 2 Series",2018,2,0.00778407981727868
"BMW 2 Series",2018,3,0.0101969098800081
"BMW 2 Series",2019,1,0.00728404929995432
"BMW 2 Series",2019,2,0.00872272589150996
"BMW 2 Series",2019,3,0.00870017558457142
"BMW 2 Series",2020,1,0.00916372433836407
"BMW 2 Series",2020,2,0.00921504745002539
"BMW 2 Series",2020,3,0.00889207607919199
"BMW 3 Series/BMW 3 Series Gran Turismo",2018,1,0.0098425435133295
"BMW 3 Series/BMW 3 Series Gran Turismo",2018,2,0.00400308575725233
"BMW 3 Series/BMW 3 Series Gran Turismo",2018,3,0.00595948214167936
"BMW 3 Series/BMW 3 Series Gran Turismo",2019,1,0.00435819380105332
"BMW 3 Series/BMW 3 Series Gran Turismo",2019,2,0.00440186779438065
"BMW 3 Series/BMW 3 Series Gran Turismo",2019,3,0.00556316645494738
"BMW 3 Series/BMW 3 Series Gran Turismo",2020,1,0.00548948443530203
"BMW 3 Series/BMW 3 Series Gran Turismo",2020,2,0.00417409226329974
"BMW 3 Series/BMW 3 Series Gran Turismo",2020,3,0.00476959934716555
"BMW 4 Series",2018,1,0.00503688272311671
"BMW 4 Series",2018,2,0.00363236096400306
"BMW 4 Series",2018,3,0.00465504913330747
"BMW 4 Series",2019,1,0.00554940945672506
"BMW 4 Series",2019,2,0.00481201553116802
"BMW 4 Series",2019,3,0.00447394984044802
"BMW 4 Series",2020,1,0.00765643303811264
"BMW 4 Series",2020,2,0.00704286248661421
"BMW 4 Series",2020,3,0.00779680269260004
"BMW 5 Series/BMW 5 Series Gran Turismo",2018,1,0.00522618582450921
"BMW 5 Series/BMW 5 Series Gran Turismo",2018,2,0.0111912058740045
"BMW 5 Series/BMW 5 Series Gran Turismo",2018,3,0.0158084040392914
"BMW 5 Series/BMW 5 Series Gran Turismo",2019,1,0.00358569744137822
"BMW 5 Series/BMW 5 Series Gran Turismo",2019,2,0.00301798862282927
"BMW 5 Series/BMW 5 Series Gran Turismo",2019,3,0.00361449546905355
"BMW 5 Series/BMW 5 Series Gran Turismo",2020,1,0.00638695911804538
"BMW 5 Series/BMW 5 Series Gran Turismo",2020,2,0.00568960848540646
"BMW 5 Series/BMW 5 Series Gran Turismo",2020,3,0.0064423390797481
"BMW 7 Series",2018,1,0.0115147973109775
"BMW 7 Series",2018,2,0.00906588253045623
"BMW 7 Series",2018,3,0.0100454206512208
"BMW 7 Series",2019,1,0.0104831721305007
"BMW 7 Series",2019,2,0.00826140199257209
"BMW 7 Series",2019,3,0.00978378947415535
"BMW 7 Series",2020,1,0.0130252084888515
"BMW 7 Series",2020,2,0.0130033339287449
"BMW 7 Series",2020,3,0.0117275135501446
"BMW X1",2018,1,0.0183626176292101
"BMW X1",2018,2,0.00823050207388007
"BMW X1",2018,3,0.00830206066833354
"BMW X1",2019,1,0.00836009833098259
"BMW X1",2019,2,0.00921011974798904
"BMW X1",2019,3,0.0105160151519429
"BMW X1",2020,1,0.00989101445773067
"BMW X1",2020,2,0.00824486969822099
"BMW X1",2020,3,0.0122868230977459
"BMW X2",2018,1,0.00920821136597566
"BMW X2",2018,2,0.010582078785648
"BMW X2",2018,3,0.0119650984595849
"BMW X2",2019,1,0.0101443813273392
"BMW X2",2019,2,0.0130197597454561
"BMW X2",2019,3,0.0133657248468952
"BMW X2",2020,1,0.0149367574613699
"BMW X2",2020,2,0.0126505944726515
"BMW X3",2018,1,0.00268194589365902
"BMW X3",2018,2,0.00201462519997796
"BMW X3",2018,3,0.00288042550060659
"BMW X3",2019,1,0.00218842456642517
"BMW X3",2019,2,0.00961670292168504
"BMW X3",2019,3,0.00269314463304919
"BMW X3",2020,1,0.00916029430920293
"BMW X3",2020,2,0.00888007159964945
"BMW X3",2020,3,0.00490616956067358
"BMW X5",2018,1,0.00494941095118692
"BMW X5",2018,2,0.00391638119965566
"BMW X5",2018,3,0.00445338505018156
"BMW X5",2019,1,0.0227534354768713
"BMW X5",2019,2,0.00396159216395579
"BMW X5",2019,3,0.017897963683158
"BMW X5",2020,1,0.005843194974912
"BMW X5",2020,2,0.00547869362986084
"BMW X5",2020,3,0.0154385742445402
"BMW X7",2019,1,0.0517059295950548
"BMW X7",2019,2,0.0222477307648224
"BMW X7",2019,3,0.0333916489901004
"BMW X7",2020,1,0.0108982829891159
"BMW X7",2020,2,0.00986845605524679
"BMW X7",2020,3,0.0115759980613028
"BMW i3",2018,1,0.0126753005155707
"BMW i3",2018,2,0.012663280383671
"BMW i3",2018,3,0.0152950360238733
"BMW i3",2019,1,0.0150799328806943
"BMW i3",2019,2,0.021011384391959
"BMW i3",2019,3,0.0209635662515387
"BMW i3",2020,1,0.066515717946144
"BMW i3",2020,2,0.0359607211250755
"BMW i3",2020,3,0.0342335313529313
"Buick Enclave",2018,1,0.00619196349233135
"Buick Enclave",2018,2,0.0042504147362456
"Buick Enclave",2018,3,0.0326868714975578
"Buick Enclave",2019,1,0.00646754913102046
"Buick Enclave",2019,2,0.013507013835938
"Buick Enclave",2019,3,0.00530858674007907
"Buick Enclave",2020,1,0.00645340275806239
"Buick Enclave",2020,2,0.00676887261613708
"Buick Enclave",2020,3,0.00694183567813321
"Buick Encore",2018,1,0.00337812390466559
"Buick Encore",2018,2,0.0038031818545718
"Buick Encore",2018,3,0.00470146319278748
"Buick Encore",2019,1,0.00215148714189137
"Buick Encore",2019,2,0.00291708515847895
"Buick Encore",2019,3,0.00380188459187958
"Buick Encore",2020,1,0.00713229008817431
"Buick Encore",2020,2,0.00769192245190863
"Buick Encore",2020,3,0.00830642284882655
"Buick Envision",2018,1,0.00720061856525188
"Buick Envision",2018,2,0.00750290422482313
"Buick Envision",2018,3,0.00818125903275232
"Buick Envision",2019,1,0.00564450709995439
"Buick Envision",2019,2,0.0171485778528078
"Buick Envision",2019,3,0.00663877962095856
"Buick Envision",2020,1,0.00606454069005761
"Buick Envision",2020,2,0.00710087015887306
"Buick Envision",2020,3,0.00742859622821044
"Buick LaCrosse",2018,1,0.00804770101073358
"Buick LaCrosse",2018,2,0.00715263923986563
"Buick LaCrosse",2018,3,0.00811681047346301
"Buick LaCrosse",2019,1,0.00800242689807428
"Buick LaCrosse",2019,2,0.00667165700626109
"Buick LaCrosse",2019,3,0.00874832674599093
"Buick Regal/Buick Regal TourX",2018,1,0.0207640053249184
"Buick Regal/Buick Regal TourX",2018,2,0.0106919046652224
"Buick Regal/Buick Regal TourX",2018,3,0.0116753889319311
"Buick Regal/Buick Regal TourX",2019,1,0.00915368130270133
"Buick Regal/Buick Regal TourX",2019,2,0.00851778231479859
"Buick Regal/Buick Regal TourX",2019,3,0.0109111908613441
"Buick Regal/Buick Regal TourX",2020,1,0.0155125257466588
"Buick Regal/Buick Regal TourX",2020,2,0.0135673620442194
"Buick Regal/Buick Regal TourX",2020,3,0.0157205576455534
"Cadillac CT6",2018,1,0.0524939678785213
"Cadillac CT6",2018,2,0.0529966907396283
"Cadillac CT6",2018,3,0.041980750175993
"Cadillac CT6",2019,1,0.0226224240574632
"Cadillac CT6",2019,2,0.0214294547036949
"Cadillac CT6",2019,3,0.0228845886477387
"Cadillac CT6",2020,1,0.0681852935306162
"Cadillac CT6",2020,2,0.0385684525309946
"Cadillac CT6",2020,3,0.0429743624273789
"Cadillac Escalade",2018,1,0.00800863291140001
"Cadillac Escalade",2018,2,0.00783911826363378
"Cadillac Escalade",2018,3,0.00780657536177313
"Cadillac Escalade",2019,1,0.00901979063256259
"Cadillac Escalade",2019,2,0.00961904149141887
"Cadillac Escalade",2019,3,0.00954347362783109
"Cadillac Escalade",2020,2,0.0160139579968234
"Cadillac Escalade",2020,3,0.0142078933730515
"Cadillac XT4",2019,1,0.00724498189380932
"Cadillac XT4",2019,2,0.00795449469767193
"Cadillac XT4",2019,3,0.0252535265730787
"Cadillac XT4",2020,1,0.0114289391570959
"Cadillac XT4",2020,2,0.0139506299987001
"Cadillac XT4",2020,3,0.012249432187502
"Cadillac XT5",2018,1,0.0191102491337094
"Cadillac XT5",2018,2,0.0168655547352251
"Cadillac XT5",2018,3,0.00992246746382264
"Cadillac XT5",2019,1,0.00640423562992088
"Cadillac XT5",2019,2,0.0147208998143902
"Cadillac XT5",2019,3,0.0150571956110834
"Cadillac XT5",2020,1,0.0101917581499325
"Cadillac XT5",2020,2,0.0109614108967984
"Cadillac XT5",2020,3,0.0104387515781583
"Cadillac XTS",2018,1,0.0117963319809796
"Cadillac XTS",2018,2,0.0139791521335542
"Cadillac XTS",2018,3,0.0118416482954628
"Cadillac XTS",2019,1,0.0193616337049994
"Cadillac XTS",2019,2,0.0392228982899068
"Cadillac XTS",2019,3,0.0150101899599596
"Chevrolet Blazer/GMC Jimmy",2019,1,0.0190370757505675
"Chevrolet Blazer/GMC Jimmy",2019,2,0.00828481323487149
"Chevrolet Blazer/GMC Jimmy",2019,3,0.0130018621835705
"Chevrolet Blazer/GMC Jimmy",2020,1,0.0120609784685078
"Chevrolet Blazer/GMC Jimmy",2020,2,0.0268852955603358
"Chevrolet Blazer/GMC Jimmy",2020,3,0.0162834556627181
"Chevrolet Bolt",2018,1,0.00352316291227737
"Chevrolet Bolt",2018,2,0.00411195430012993
"Chevrolet Bolt",2018,3,0.00408270259934515
"Chevrolet Bolt",2019,1,0.00196869191898286
"Chevrolet Bolt",2019,2,0.00835508285734427
"Chevrolet Bolt",2019,3,0.00298359775456102
"Chevrolet Bolt",2020,1,0.00449336379447143
"Chevrolet Bolt",2020,2,0.0045738823465608
"Chevrolet Bolt",2020,3,0.00630557018372013
"Chevrolet Camaro",2018,1,0.0054015211390705
"Chevrolet Camaro",2018,2,0.00799912363851434
"Chevrolet Camaro",2018,3,0.00928398470647939
"Chevrolet Camaro",2019,1,0.00978095079558485
"Chevrolet Camaro",2019,2,0.0109119092948746
"Chevrolet Camaro",2019,3,0.0103335597980879
"Chevrolet Camaro",2020,1,0.0151190476248764
"Chevrolet Camaro",2020,2,0.0130272301471776
"Chevrolet Camaro",2020,3,0.0149993094940263
"Chevrolet Colorado/GMC Canyon",2018,1,0.00228445394646677
"Chevrolet Colorado/GMC Canyon",2018,2,0.00247341203602313
"Chevrolet Colorado/GMC Canyon",2018,3,0.00272174971193904
"Chevrolet Colorado/GMC Canyon",2019,1,0.00310560717353044
"Chevrolet Colorado/GMC Canyon",2019,2,0.00309350369452695
"Chevrolet Colorado/GMC Canyon",2019,3,0.0109572645097079
"Chevrolet Colorado/GMC Canyon",2020,1,0.0147712490897571
"Chevrolet Colorado/GMC Canyon",2020,2,0.00570043814158358
"Chevrolet Colorado/GMC Canyon",2020,3,0.00770352004970634
"Chevrolet Corvette",2018,1,0.00646174307423113
"Chevrolet Corvette",2018,2,0.00971010238224157
"Chevrolet Corvette",2018,3,0.0087043751212094
"Chevrolet Corvette",2019,1,0.00282431021387153
"Chevrolet Corvette",2019,2,0.00484324307384199
"Chevrolet Corvette",2019,3,0.00656407579967644
"Chevrolet Corvette",2020,1,0.0117921189476857
"Chevrolet Corvette",2020,2,0.014718050677553
"Chevrolet Cruze",2018,1,0.0211104421211694
"Chevrolet Cruze",2018,2,0.0217633458343678
"Chevrolet Cruze",2018,3,0.0130197982704893
"Chevrolet Cruze",2019,1,0.0114382460386191
"Chevrolet Cruze",2019,2,0.0108966812692202
"Chevrolet Cruze",2019,3,0.0115779095710865
"Chevrolet Equinox/GMC Terrain/Pontiac Torrent",2018,1,0.00621400273135012
"Chevrolet Equinox/GMC Terrain/Pontiac Torrent",2018,2,0.00687167522876854
"Chevrolet Equinox/GMC Terrain/Pontiac Torrent",2018,3,0.0121395757767331
"Chevrolet Equinox/GMC Terrain/Pontiac Torrent",2019,1,0.00244264627507167
"Chevrolet Equinox/GMC Terrain/Pontiac Torrent",2019,2,0.00783854170278592
"Chevrolet Equinox/GMC Terrain/Pontiac Torrent",2019,3,0.00559300032908602
"Chevrolet Equinox/GMC Terrain/Pontiac Torrent",2020,1,0.00168896207332074
"Chevrolet Equinox/GMC Terrain/Pontiac Torrent",2020,2,0.00169355181962823
"Chevrolet Equinox/GMC Terrain/Pontiac Torrent",2020,3,0.00190987914493405
"Chevrolet Impala",2018,1,0.00393249550562637
"Chevrolet Impala",2018,2,0.00413563007166464
"Chevrolet Impala",2018,3,0.00321025540808704
"Chevrolet Impala",2019,1,0.00409765974791763
"Chevrolet Impala",2019,2,0.00430642901541001
"Chevrolet Impala",2019,3,0.0042941192397579
"Chevrolet Impala",2020,1,0.0123029426969511
"Chevrolet Impala",2020,2,0.010837742622475
"Chevrolet Impala",2020,3,0.0130802348025388
"Chevrolet Malibu",2018,1,0.00421189404081684
"Chevrolet Malibu",2018,2,0.00445909884247551
"Chevrolet Malibu",2018,3,0.00503166091626643
"Chevrolet Malibu",2019,1,0.00656868934058326
"Chevrolet Malibu",2019,2,0.00761956113043469
"Chevrolet Malibu",2019,3,0.00831702008527767
"Chevrolet Malibu",2020,1,0.00935108492529183
"Chevrolet Malibu",2020,2,0.00855248682912114
"Chevrolet Malibu",2020,3,0.0102427610639026
"Chevrolet Silverado 1500 LD/GMC Sierra 1500 Limited",2019,1,0.0132315189825601
"Chevrolet Silverado 1500 LD/GMC Sierra 1500 Limited",2019,2,0.0055849556744273
"Chevrolet Silverado 1500 LD/GMC Sierra 1500 Limited",2019,3,0.00536865044694547
"Chevrolet Silverado 1500/GMC Sierra 1500",2018,1,0.0018060891703502
"Chevrolet Silverado 1500/GMC Sierra 1500",2018,2,0.00159819300756036
"Chevrolet Silverado 1500/GMC Sierra 1500",2018,3,0.0233405521372439
"Chevrolet Silverado 1500/GMC Sierra 1500",2019,1,0.00256471264663002
"Chevrolet Silverado 1500/GMC Sierra 1500",2019,2,0.011686447251277
"Chevrolet Silverado 1500/GMC Sierra 1500",2019,3,0.00907256320312678
"Chevrolet Silverado 1500/GMC Sierra 1500",2020,1,0.0162825669824889
"Chevrolet Silverado 1500/GMC Sierra 1500",2020,2,0.011442471519827
"Chevrolet Silverado 1500/GMC Sierra 1500",2020,3,0.00551126297985632
"Chevrolet Silverado 2500HD/GMC Sierra 2500HD",2018,1,0.00387942051530387
"Chevrolet Silverado 2500HD/GMC Sierra 2500HD",2018,2,0.00380044921436619
"Chevrolet Silverado 2500HD/GMC Sierra 2500HD",2018,3,0.00358838996848229
"Chevrolet Silverado 2500HD/GMC Sierra 2500HD",2019,1,0.0047712931026876
"Chevrolet Silverado 2500HD/GMC Sierra 2500HD",2019,2,0.00378976247147126
"Chevrolet Silverado 2500HD/GMC Sierra 2500HD",2019,3,0.00439579675499375
"Chevrolet Silverado 2500HD/GMC Sierra 2500HD",2020,1,0.00444290202857102
"Chevrolet Silverado 2500HD/GMC Sierra 2500HD",2020,2,0.00428451298400487
"Chevrolet Silverado 2500HD/GMC Sierra 2500HD",2020,3,0.00456664910651839
"Chevrolet Silverado 3500HD/GMC Sierra 3500HD",2018,1,0.0111375541465248
"Chevrolet Silverado 3500HD/GMC Sierra 3500HD",2018,2,0.0104873522576718
"Chevrolet Silverado 3500HD/GMC Sierra 3500HD",2018,3,0.00983230831034911
"Chevrolet Silverado 3500HD/GMC Sierra 3500HD",2019,1,0.0141090748685702
"Chevrolet Silverado 3500HD/GMC Sierra 3500HD",2019,2,0.0158864004443872
"Chevrolet Silverado 3500HD/GMC Sierra 3500HD",2019,3,0.0288957339043353
"Chevrolet Silverado 3500HD/GMC Sierra 3500HD",2020,1,0.0139383878166227
"Chevrolet Silverado 3500HD/GMC Sierra 3500HD",2020,2,0.012328517755919
"Chevrolet Silverado 3500HD/GMC Sierra 3500HD",2020,3,0.0120060950628815
"Chevrolet Suburban/GMC Yukon XL",2018,1,0.0073745404893514
"Chevrolet Suburban/GMC Yukon XL",2018,2,0.00539335831168921
"Chevrolet Suburban/GMC Yukon XL",2018,3,0.00524774811540903
"Chevrolet Suburban/GMC Yukon XL",2019,1,0.00963929282354192
"Chevrolet Suburban/GMC Yukon XL",2019,2,0.0205704478977611
"Chevrolet Suburban/GMC Yukon XL",2019,3,0.0077231575231097
"Chevrolet Suburban/GMC Yukon XL",2020,1,0.00954616422044004
"Chevrolet Suburban/GMC Yukon XL",2020,2,0.0103188824683266
"Chevrolet Suburban/GMC Yukon XL",2020,3,0.00938702772952247
"Chevrolet Tahoe/GMC Yukon",2018,1,0.00407316153864711
"Chevrolet Tahoe/GMC Yukon",2018,2,0.0032348074932939
"Chevrolet Tahoe/GMC Yukon",2018,3,0.00330448187552717
"Chevrolet Tahoe/GMC Yukon",2019,1,0.00419673009376253
"Chevrolet Tahoe/GMC Yukon",2019,2,0.00366222447388243
"Chevrolet Tahoe/GMC Yukon",2019,3,0.00433125565646844
"Chevrolet Tahoe/GMC Yukon",2020,1,0.00578936156389627
"Chevrolet Tahoe/GMC Yukon",2020,2,0.00621705807102801
"Chevrolet Tahoe/GMC Yukon",2020,3,0.00546929335260497
"Chevrolet Traverse",2018,1,0.00431040768134156
"Chevrolet Traverse",2018,2,0.00255771499503938
"Chevrolet Traverse",2018,3,0.00829067505451881
"Chevrolet Traverse",2019,1,0.00365435685772997
"Chevrolet Traverse",2019,2,0.00315727077174789
"Chevrolet Traverse",2019,3,0.00216816083558079
"Chevrolet Traverse",2020,1,0.00464638315195044
"Chevrolet Traverse",2020,2,0.00450045136149351
"Chevrolet Traverse",2020,3,0.00415061828839814
"Chevrolet Trax",2018,1,0.0112678986780551
"Chevrolet Trax",2018,2,0.0109713324184453
"Chevrolet Trax",2018,3,0.011277081913652
"Chevrolet Trax",2019,1,0.00842614236981355
"Chevrolet Trax",2019,2,0.0261165379393608
"Chevrolet Trax",2019,3,0.0108900689487723
"Chevrolet Trax",2020,1,0.0111921733771576
"Chevrolet Trax",2020,2,0.0129863131046089
"Chevrolet Trax",2020,3,0.013047956597081
"Chevrolet Volt",2018,1,0.0033209600668682
"Chevrolet Volt",2018,2,0.00365330686237093
"Chevrolet Volt",2018,3,0.00439062140607021
"Chevrolet Volt",2019,1,0.00700744205416746
"Chevrolet Volt",2019,2,0.00586172876384304
"Chevrolet Volt",2019,3,0.00722159178421971
"GMC Acadia/Saturn Outlook",2018,1,0.00392438649584885
"GMC Acadia/Saturn Outlook",2018,2,0.00323599422328241
"GMC Acadia/Saturn Outlook",2018,3,0.00390756036793702
"GMC Acadia/Saturn Outlook",2019,1,0.00343123651032109
"GMC Acadia/Saturn Outlook",2019,2,0.00307896342671177
"GMC Acadia/Saturn Outlook",2019,3,0.0035949034607437
"GMC Acadia/Saturn Outlook",2020,1,0.00488381763549251
"GMC Acadia/Saturn Outlook",2020,2,0.00530603225242516
"GMC Acadia/Saturn Outlook",2020,3,0.00652501967467737
"Chrysler 300",2018,1,0.00846844730963407
"Chrysler 300",2018,2,0.00639743656804518
"Chrysler 300",2018,3,0.00806685054623206
"Chrysler 300",2019,1,0.00719319863155461
"Chrysler 300",2019,2,0.00713076166484687
"Chrysler 300",2019,3,0.00745912715682611
"Chrysler 300",2020,1,0.0182127058169816
"Chrysler 300",2020,3,0.0160139864944823
"Chrysler Aspen/Dodge Durango",2018,1,0.0059410222110647
"Chrysler Aspen/Dodge Durango",2018,2,0.00609735058095683
"Chrysler Aspen/Dodge Durango",2018,3,0.00514723348053989
"Chrysler Aspen/Dodge Durango",2019,1,0.00778038065133795
"Chrysler Aspen/Dodge Durango",2019,2,0.00681713786307938
"Chrysler Aspen/Dodge Durango",2019,3,0.00982581065729743
"Chrysler Aspen/Dodge Durango",2020,1,0.00855702706660924
"Chrysler Aspen/Dodge Durango",2020,2,0.00932160753544052
"Chrysler Aspen/Dodge Durango",2020,3,0.00993959959706625
"Chrysler Pacifica",2018,1,0.00235137102201515
"Chrysler Pacifica",2018,2,0.00216901267326824
"Chrysler Pacifica",2018,3,0.00968306599327877
"Chrysler Pacifica",2019,1,0.00483937744636107
"Chrysler Pacifica",2019,2,0.00358424145016836
"Chrysler Pacifica",2019,3,0.0109647072071576
"Chrysler Pacifica",2020,1,0.0136305601100058
"Chrysler Pacifica",2020,2,0.00601366850808343
"Chrysler Pacifica",2020,3,0.00673626821544163
"Chrysler Town & Country/Dodge Grand Caravan/Chrysler Voyager/Dodge Caravan",2018,1,0.0439602925711665
"Chrysler Town & Country/Dodge Grand Caravan/Chrysler Voyager/Dodge Caravan",2018,2,0.0262290951894116
"Chrysler Town & Country/Dodge Grand Caravan/Chrysler Voyager/Dodge Caravan",2018,3,0.0375207272826837
"Chrysler Town & Country/Dodge Grand Caravan/Chrysler Voyager/Dodge Caravan",2019,1,0.0254419608077226
"Chrysler Town & Country/Dodge Grand Caravan/Chrysler Voyager/Dodge Caravan",2019,2,0.0157303346925156
"Chrysler Town & Country/Dodge Grand Caravan/Chrysler Voyager/Dodge Caravan",2019,3,0.0119985857543747
"Chrysler Town & Country/Dodge Grand Caravan/Chrysler Voyager/Dodge Caravan",2020,1,0.0291815729874233
"Chrysler Town & Country/Dodge Grand Caravan/Chrysler Voyager/Dodge Caravan",2020,3,0.0254159832960362
"Dodge Challenger",2018,1,0.00632756957686251
"Dodge Challenger",2018,2,0.00754818628887691
"Dodge Challenger",2018,3,0.00744358183472064
"Dodge Challenger",2019,1,0.00664840955034866
"Dodge Challenger",2019,2,0.00867311211478986
"Dodge Challenger",2019,3,0.0092335083098994
"Dodge Challenger",2020,1,0.0114596500722484
"Dodge Challenger",2020,2,0.0119442577053873
"Dodge Challenger",2020,3,0.01264217940786
"Dodge Charger",2018,1,0.00741743250452344
"Dodge Charger",2018,2,0.00758580999765771
"Dodge Charger",2018,3,0.00778893695694834
"Dodge Charger",2019,1,0.00766207427699735
"Dodge Charger",2019,2,0.00985775904944272
"Dodge Charger",2019,3,0.0101894317944527
"Dodge Charger",2020,1,0.0187909469723035
"Dodge Charger",2020,2,0.0197682564566137
"Dodge Ram 1500/Ram 1500",2018,1,0.00389332830667341
"Dodge Ram 1500/Ram 1500",2018,2,0.00283322010317955
"Dodge Ram 1500/Ram 1500",2018,3,0.0104598793935626
"Dodge Ram 1500/Ram 1500",2019,1,0.00866435277133894
"Dodge Ram 1500/Ram 1500",2019,2,0.00556020977500014
"Dodge Ram 1500/Ram 1500",2019,3,0.0179097537457311
"Dodge Ram 1500/Ram 1500",2020,1,0.00296506518120883
"Dodge Ram 1500/Ram 1500",2020,2,0.00939797485783685
"Dodge Ram 1500/Ram 1500",2020,3,0.00385758022814775
"Dodge Ram 2500/Ram 2500",2018,1,0.00572348765504768
"Dodge Ram 2500/Ram 2500",2018,2,0.00702060294827648
"Dodge Ram 2500/Ram 2500",2018,3,0.0170292909203256
"Dodge Ram 2500/Ram 2500",2019,1,0.00592233984679259
"Dodge Ram 2500/Ram 2500",2019,2,0.00647031820968612
"Dodge Ram 2500/Ram 2500",2019,3,0.00642996261524428
"Dodge Ram 2500/Ram 2500",2020,1,0.0124908147496487
"Dodge Ram 2500/Ram 2500",2020,2,0.0105964313234196
"Dodge Ram 2500/Ram 2500",2020,3,0.0130619199646955
"Dodge Ram 3500/Ram 3500",2018,1,0.00648583399541921
"Dodge Ram 3500/Ram 3500",2018,2,0.00766037620157155
"Dodge Ram 3500/Ram 3500",2018,3,0.00770447696329849
"Dodge Ram 3500/Ram 3500",2019,1,0.00738045872050936
"Dodge Ram 3500/Ram 3500",2019,2,0.00770948470027251
"Dodge Ram 3500/Ram 3500",2019,3,0.00845969159665723
"Dodge Ram 3500/Ram 3500",2020,1,0.012238925814476
"Dodge Ram 3500/Ram 3500",2020,2,0.0101884077329772
"Ram 1500 Classic",2019,1,0.00614978793583457
"Ram 1500 Classic",2019,2,0.00576494143069319
"Ram 1500 Classic",2019,3,0.00545218353224839
"Ram 1500 Classic",2020,1,0.0182257851171606
"Ram 1500 Classic",2020,2,0.0174920974187579
"Ram 1500 Classic",2020,3,0.0175296516718326
"Ford EcoSport",2018,1,0.0362310165098472
"Ford EcoSport",2018,2,0.0258547569344547
"Ford EcoSport",2018,3,0.0434535509573163
"Ford EcoSport",2019,1,0.0172382224507425
"Ford EcoSport",2019,2,0.0432501038989697
"Ford EcoSport",2019,3,0.0224370731501486
"Ford EcoSport",2020,1,0.0264018979116881
"Ford EcoSport",2020,2,0.0314349374400072
"Ford Edge",2018,1,0.00826495867331435
"Ford Edge",2018,2,0.00742847287595199
"Ford Edge",2018,3,0.0085425555859756
"Ford Edge",2019,1,0.00719474928758709
"Ford Edge",2019,2,0.00614972873689427
"Ford Edge",2019,3,0.0126168091265778
"Ford Edge",2020,1,0.00343551829260047
"Ford Edge",2020,2,0.00446739845692303
"Ford Edge",2020,3,0.00537568583810583
"Ford Escape/Mazda Tribute/Mercury Mariner",2018,1,0.00140975977362222
"Ford Escape/Mazda Tribute/Mercury Mariner",2018,2,0.00925778792333133
"Ford Escape/Mazda Tribute/Mercury Mariner",2018,3,0.00175762377977828
"Ford Escape/Mazda Tribute/Mercury Mariner",2019,1,0.00174183722512139
"Ford Escape/Mazda Tribute/Mercury Mariner",2019,2,0.00159679021299293
"Ford Escape/Mazda Tribute/Mercury Mariner",2019,3,0.00218088399257695
"Ford Escape/Mazda Tribute/Mercury Mariner",2020,1,0.00233577386219259
"Ford Escape/Mazda Tribute/Mercury Mariner",2020,2,0.00262514734744475
"Ford Escape/Mazda Tribute/Mercury Mariner",2020,3,0.0110309966587233
"Ford Expedition",2018,1,0.00951274187346814
"Ford Expedition",2018,2,0.00696382794062268
"Ford Expedition",2018,3,0.0262151941272383
"Ford Expedition",2019,1,0.00477686810509092
"Ford Expedition",2019,2,0.00513892863962733
"Ford Expedition",2019,3,0.00528782828684834
"Ford Expedition",2020,1,0.00918105981837308
"Ford Expedition",2020,2,0.00950129453917485
"Ford Expedition",2020,3,0.0100288900037131
"Ford Explorer/Mercury Mountaineer",2018,1,0.00349243748037822
"Ford Explorer/Mercury Mountaineer",2018,2,0.00245473546880722
"Ford Explorer/Mercury Mountaineer",2018,3,0.00808767983328364
"Ford Explorer/Mercury Mountaineer",2019,1,0.00543437462344643
"Ford Explorer/Mercury Mountaineer",2019,2,0.00487465232577821
"Ford Explorer/Mercury Mountaineer",2019,3,0.0142861956646256
"Ford Explorer/Mercury Mountaineer",2020,1,0.00523454194668657
"Ford Explorer/Mercury Mountaineer",2020,2,0.0149648523956496
"Ford Explorer/Mercury Mountaineer",2020,3,0.0246669097174705
"Ford F-150",2018,1,0.0223760541792182
"Ford F-150",2018,2,0.0180296120981413
"Ford F-150",2018,3,0.0277220864998488
"Ford F-150",2019,1,0.00121877886351232
"Ford F-150",2019,2,0.00711541035911547
"Ford F-150",2019,3,0.00586352445980319
"Ford F-150",2020,1,0.00987860834866726
"Ford F-150",2020,2,0.00439089670115116
"Ford F-150",2020,3,0.00566805786385541
"Ford F-250",2018,1,0.00677799992223931
"Ford F-250",2018,2,0.00530523792781269
"Ford F-250",2018,3,0.00536711037916564
"Ford F-250",2019,1,0.00650637573807902
"Ford F-250",2019,2,0.00604874090885287
"Ford F-250",2019,3,0.015323393579662
"Ford F-250",2020,1,0.00766148609621332
"Ford F-250",2020,2,0.00797387349705247
"Ford F-250",2020,3,0.00879013090971574
"Ford F-350",2018,1,0.0155654336377388
"Ford F-350",2018,2,0.0109508227273364
"Ford F-350",2018,3,0.0308087326358689
"Ford F-350",2019,1,0.0200364869192938
"Ford F-350",2019,2,0.00833648213965206
"Ford F-350",2019,3,0.00903376330512782
"Ford F-350",2020,1,0.0127160697873175
"Ford F-350",2020,2,0.0124611163344295
"Ford F-350",2020,3,0.0161172217632178
"Ford Flex",2018,1,0.0189416721978943
"Ford Flex",2018,2,0.0174169270301777
"Ford Flex",2018,3,0.0351138622795619
"Ford Flex",2019,1,0.0262249531591173
"Ford Flex",2019,2,0.0134211353211445
"Ford Flex",2019,3,0.011177679743627
"Ford Focus",2018,1,0.00497889753244377
"Ford Focus",2018,2,0.0121281429711788
"Ford Focus",2018,3,0.00738059557432356
"Ford Fusion/Ford Fusion Hybrid/Mercury Milan",2018,1,0.0031295604510916
"Ford Fusion/Ford Fusion Hybrid/Mercury Milan",2018,2,0.00316514431850672
"Ford Fusion/Ford Fusion Hybrid/Mercury Milan",2018,3,0.00955481465210328
"Ford Fusion/Ford Fusion Hybrid/Mercury Milan",2019,1,0.00240775983994855
"Ford Fusion/Ford Fusion Hybrid/Mercury Milan",2019,2,0.00299244364206699
"Ford Fusion/Ford Fusion Hybrid/Mercury Milan",2019,3,0.00262123337995627
"Ford Fusion/Ford Fusion Hybrid/Mercury Milan",2020,1,0.00472297060945187
"Ford Fusion/Ford Fusion Hybrid/Mercury Milan",2020,2,0.00484859327917296
"Ford Fusion/Ford Fusion Hybrid/Mercury Milan",2020,3,0.00573867418656152
"Ford Mustang",2018,1,0.0210315818597968
"Ford Mustang",2018,2,0.0322987432929941
"Ford Mustang",2018,3,0.0483415169016759
"Ford Mustang",2019,1,0.0220279808699414
"Ford Mustang",2019,2,0.00825680983571198
"Ford Mustang",2019,3,0.0113151129664865
"Ford Mustang",2020,1,0.0111934743871154
"Ford Mustang",2020,2,0.0159573905952646
"Ford Mustang",2020,3,0.0160077901855579
"Ford Ranger/Mazda B-Series",2019,1,0.00663252783324536
"Ford Ranger/Mazda B-Series",2019,2,0.00444039637464255
"Ford Ranger/Mazda B-Series",2019,3,0.0154056116530315
"Ford Ranger/Mazda B-Series",2020,1,0.00492060259196987
"Ford Ranger/Mazda B-Series",2020,2,0.00641633512062179
"Ford Ranger/Mazda B-Series",2020,3,0.00716989778891559
"Ford Taurus/Mercury Sable",2018,1,0.00833419714764418
"Ford Taurus/Mercury Sable",2018,2,0.00821756850683562
"Ford Taurus/Mercury Sable",2018,3,0.00912979246593063
"Ford Taurus/Mercury Sable",2019,1,0.0157612873500683
"Ford Taurus/Mercury Sable",2019,2,0.0141308476197979
"Ford Taurus/Mercury Sable",2019,3,0.0129952866069991
"Genesis G70",2019,1,0.00477396406442195
"Genesis G70",2019,2,0.00596661993329372
"Genesis G70",2019,3,0.0072324412619666
"Genesis G70",2020,1,0.00855242583703525
"Genesis G70",2020,2,0.00888573592051821
"Genesis G70",2020,3,0.010182568021963
"Genesis G80",2018,1,0.00388720678680754
"Genesis G80",2018,2,0.00304941032090391
"Genesis G80",2018,3,0.00384539124902717
"Genesis G80",2019,1,0.00415512293608001
"Genesis G80",2019,2,0.00449807555515555
"Genesis G80",2019,3,0.00605998132557126
"Genesis G80",2020,1,0.0071926491494989
"Genesis G80",2020,2,0.00729675786764353
"Genesis G80",2020,3,0.00771973341263806
"Genesis G90",2018,1,0.0090349821250607
"Genesis G90",2018,2,0.00860197615491542
"Genesis G90",2018,3,0.0103245013649791
"Genesis G90",2019,1,0.0138641108550395
"Genesis G90",2019,2,0.0135377549503062
"Genesis G90",2019,3,0.0147319035916409
"Genesis G90",2020,1,0.024216036708027
"Genesis G90",2020,2,0.0586759021575193
"Honda Accord/Honda Accord Hybrid",2018,1,0.00548063013792962
"Honda Accord/Honda Accord Hybrid",2018,2,0.00891518564920396
"Honda Accord/Honda Accord Hybrid",2018,3,0.00146602885715749
"Honda Accord/Honda Accord Hybrid",2019,1,0.00482406707950982
"Honda Accord/Honda Accord Hybrid",2019,2,0.00912437961420122
"Honda Accord/Honda Accord Hybrid",2019,3,0.00756092237531618
"Honda Accord/Honda Accord Hybrid",2020,1,0.00212448637705675
"Honda Accord/Honda Accord Hybrid",2020,2,0.00231684421294613
"Honda Accord/Honda Accord Hybrid",2020,3,0.0039220626562962
"Honda CR-V",2018,1,0.00757440506560427
"Honda CR-V",2018,2,0.00533267322326071
"Honda CR-V",2018,3,0.00571447819191624
"Honda CR-V",2019,1,0.00221385910584699
"Honda CR-V",2019,2,0.000486397730486507
"Honda CR-V",2019,3,0.00324938245141178
"Honda CR-V",2020,1,0.00335613465156428
"Honda CR-V",2020,2,0.0014139553796231
"Honda CR-V",2020,3,0.00210785519822006
"Honda Civic/Honda Civic Hybrid",2018,1,0.00516987425450692
"Honda Civic/Honda Civic Hybrid",2018,2,0.00215239244110556
"Honda Civic/Honda Civic Hybrid",2018,3,0.00249900325082843
"Honda Civic/Honda Civic Hybrid",2019,1,0.00179260808155713
"Honda Civic/Honda Civic Hybrid",2019,2,0.00670228419259126
"Honda Civic/Honda Civic Hybrid",2019,3,0.0094824984527902
"Honda Civic/Honda Civic Hybrid",2020,1,0.00253852277594204
"Honda Civic/Honda Civic Hybrid",2020,2,0.00304192712497113
"Honda Civic/Honda Civic Hybrid",2020,3,0.00414656442310179
"Honda Clarity",2018,1,0.00245616726648472
"Honda Clarity",2018,2,0.00232412364090468
"Honda Clarity",2018,3,0.00302009945076177
"Honda Clarity",2019,1,0.00701013752238102
"Honda Clarity",2019,2,0.00713879427499031
"Honda Clarity",2019,3,0.00758254960274301
"Honda Clarity",2020,1,0.0120717513919151
"Honda Clarity",2020,2,0.0119342626303168
"Honda Clarity",2020,3,0.0134413795256181
"Honda Fit",2018,1,0.00564625120034508
"Honda Fit",2018,2,0.015947449254044
"Honda Fit",2018,3,0.0204749724070582
"Honda Fit",2019,1,0.00313067022477619
"Honda Fit",2019,2,0.00378676834196366
"Honda Fit",2019,3,0.00480739990986565
"Honda Fit",2020,1,0.00843662103071813
"Honda Fit",2020,2,0.0103965691171211
"Honda Fit",2020,3,0.0114102823822499
"Honda HR-V",2018,1,0.00286199962610758
"Honda HR-V",2018,2,0.00325277338175375
"Honda HR-V",2018,3,0.00349647882357712
"Honda HR-V",2019,1,0.00203781657217943
"Honda HR-V",2019,2,0.00292542338541117
"Honda HR-V",2019,3,0.00400186988073547
"Honda HR-V",2020,1,0.00533314987462257
"Honda HR-V",2020,2,0.00663060420032244
"Honda HR-V",2020,3,0.00683115963610937
"Honda Insight",2019,1,0.0173334820096912
"Honda Insight",2019,2,0.0134391364463262
"Honda Insight",2019,3,0.00675631690714455
"Honda Insight",2020,1,0.00991552549720559
"Honda Insight",2020,2,0.0101790165565398
"Honda Insight",2020,3,0.0101023177035501
"Honda Odyssey",2018,1,0.0112835764277783
"Honda Odyssey",2018,2,0.00822855086659519
"Honda Odyssey",2018,3,0.0116314349142125
"Honda Odyssey",2019,1,0.00462063360569662
"Honda Odyssey",2019,2,0.012269330485091
"Honda Odyssey",2019,3,0.0073660434574739
"Honda Odyssey",2020,1,0.0139815549260056
"Honda Odyssey",2020,2,0.00472972395871433
"Honda Odyssey",2020,3,0.00690555441371878
"Honda Passport",2019,1,0.0135989968663384
"Honda Passport",2019,2,0.00518138016619995
"Honda Passport",2019,3,0.0169431478624859
"Honda Passport",2020,1,0.00747155254094436
"Honda Passport",2020,2,0.00961486874454118
"Honda Passport",2020,3,0.0107483214625231
"Honda Pilot",2018,1,0.00905571044353517
"Honda Pilot",2018,2,0.00197731125345309
"Honda Pilot",2018,3,0.00231401818844624
"Honda Pilot",2019,1,0.00268986622867527
"Honda Pilot",2019,2,0.0100036267110766
"Honda Pilot",2019,3,0.00167561917433054
"Honda Pilot",2020,1,0.00366033308673156
"Honda Pilot",2020,2,0.00321547054390835
"Honda Pilot",2020,3,0.0138877201120404
"Honda Ridgeline",2018,1,0.003439079782935
"Honda Ridgeline",2018,2,0.00288724001717457
"Honda Ridgeline",2018,3,0.012129457941094
"Honda Ridgeline",2019,1,0.0104189932157728
"Honda Ridgeline",2019,2,0.0181626181011352
"Honda Ridgeline",2019,3,0.0166661352703089
"Honda Ridgeline",2020,1,0.0101617547142662
"Honda Ridgeline",2020,2,0.00486906762996782
"Honda Ridgeline",2020,3,0.00724627367066018
"Hyundai Elantra",2018,1,0.00351612765583948
"Hyundai Elantra",2018,2,0.00305015251036745
"Hyundai Elantra",2018,3,0.0103247753346858
"Hyundai Elantra",2019,1,0.00450704686095063
"Hyundai Elantra",2019,2,0.00357008765974814
"Hyundai Elantra",2019,3,0.00554475871778819
"Hyundai Elantra",2020,1,0.00391662565671799
"Hyundai Elantra",2020,2,0.00511038184765384
"Hyundai Elantra",2020,3,0.00537387887733955
"Hyundai Elantra GT",2018,1,0.00576261084311508
"Hyundai Elantra GT",2018,2,0.00716904149178946
"Hyundai Elantra GT",2018,3,0.00737927094816046
"Hyundai Elantra GT",2019,1,0.00915689817383204
"Hyundai Elantra GT",2019,2,0.0123205565421797
"Hyundai Elantra GT",2019,3,0.0132199514506463
"Hyundai Elantra GT",2020,1,0.0122903452417252
"Hyundai Elantra GT",2020,2,0.0121203962873005
"Hyundai Elantra GT",2020,3,0.0124792825638689
"Hyundai Ioniq",2018,1,0.0124423818651813
"Hyundai Ioniq",2018,2,0.00888458808081001
"Hyundai Ioniq",2018,3,0.0235637109599972
"Hyundai Ioniq",2019,1,0.00688774688855652
"Hyundai Ioniq",2019,2,0.0178582266313038
"Hyundai Ioniq",2019,3,0.00919189694276356
"Hyundai Ioniq",2020,1,0.0111292723569266
"Hyundai Ioniq",2020,2,0.0139579997899081
"Hyundai Ioniq",2020,3,0.0130990939956795
"Hyundai Kona",2018,1,0.00430058815543605
"Hyundai Kona",2018,2,0.00454508703425818
"Hyundai Kona",2018,3,0.00609726513647412
"Hyundai Kona",2019,1,0.00369066972426677
"Hyundai Kona",2019,2,0.0121846783052155
"Hyundai Kona",2019,3,0.00509902739145509
"Hyundai Kona",2020,1,0.00311304725671758
"Hyundai Kona",2020,2,0.00369894378015534
"Hyundai Kona",2020,3,0.00451826375477982
"Hyundai Kona Electric",2019,1,0.00534279139036136
"Hyundai Kona Electric",2019,2,0.00516223963189249
"Hyundai Kona Electric",2019,3,0.00665618410296651
"Hyundai Kona Electric",2020,1,0.00709592465298626
"Hyundai Kona Electric",2020,2,0.00705036629184638
"Hyundai Kona Electric",2020,3,0.00942345274724393
"Hyundai Palisade",2020,1,0.0085279157226504
"Hyundai Palisade",2020,2,0.00224837321031606
"Hyundai Palisade",2020,3,0.00180539838590853
"Hyundai Santa Fe",2018,1,0.00528282875979468
"Hyundai Santa Fe",2018,2,0.00492765604875517
"Hyundai Santa Fe",2018,3,0.0257350315908413
"Hyundai Santa Fe",2019,1,0.00173279079709617
"Hyundai Santa Fe",2019,2,0.0014690454553364
"Hyundai Santa Fe",2019,3,0.00154592138269002
"Hyundai Santa Fe",2020,1,0.00306715581680913
"Hyundai Santa Fe",2020,2,0.00655624005265546
"Hyundai Santa Fe",2020,3,0.00274908829980797
"Hyundai Santa Fe Sport",2018,1,0.0021667871646643
"Hyundai Santa Fe Sport",2018,2,0.00206818885813058
"Hyundai Santa Fe Sport",2018,3,0.0016936494338194
"Hyundai Santa Fe XL",2019,1,0.00351144020719696
"Hyundai Santa Fe XL",2019,2,0.00421913509706467
"Hyundai Santa Fe XL",2019,3,0.00300113877694179
"Hyundai Sonata/Hyundai Sonata Hybrid",2018,1,0.00397492560984489
"Hyundai Sonata/Hyundai Sonata Hybrid",2018,2,0.0233140279773248
"Hyundai Sonata/Hyundai Sonata Hybrid",2018,3,0.012710549659
"Hyundai Sonata/Hyundai Sonata Hybrid",2019,1,0.00275720068775927
"Hyundai Sonata/Hyundai Sonata Hybrid",2019,2,0.00350232901392461
"Hyundai Sonata/Hyundai Sonata Hybrid",2019,3,0.00428779342176993
"Hyundai Sonata/Hyundai Sonata Hybrid",2020,1,0.0047173201385131
"Hyundai Sonata/Hyundai Sonata Hybrid",2020,2,0.00464108519231843
"Hyundai Sonata/Hyundai Sonata Hybrid",2020,3,0.00665289483993952
"Hyundai Tucson",2018,1,0.00395315306030223
"Hyundai Tucson",2018,2,0.00321035495069952
"Hyundai Tucson",2018,3,0.00365094271920689
"Hyundai Tucson",2019,1,0.00274125203247245
"Hyundai Tucson",2019,2,0.00291166874842942
"Hyundai Tucson",2019,3,0.00315266294043034
"Hyundai Tucson",2020,1,0.0139504490550056
"Hyundai Tucson",2020,2,0.00560330669924521
"Hyundai Tucson",2020,3,0.0072871546701517
"Infiniti Q50",2018,1,0.00782810098434951
"Infiniti Q50",2018,2,0.00615137056650513
"Infiniti Q50",2018,3,0.00832239690315291
"Infiniti Q50",2019,1,0.0106665177247487
"Infiniti Q50",2019,2,0.0234408262611794
"Infiniti Q50",2019,3,0.0106817467534987
"Infiniti Q50",2020,1,0.0134130481653121
"Infiniti Q50",2020,2,0.0118971241653783
"Infiniti Q50",2020,3,0.0128336465097633
"Infiniti Q60",2018,1,0.0095996413432533
"Infiniti Q60",2018,2,0.00832337809592431
"Infiniti Q60",2018,3,0.0106749124385696
"Infiniti Q60",2019,1,0.0100369210804411
"Infiniti Q60",2019,2,0.0110634764797749
"Infiniti Q60",2019,3,0.00990149687945644
"Infiniti Q60",2020,1,0.0145195562014176
"Infiniti Q60",2020,2,0.012008032860335
"Infiniti Q60",2020,3,0.0123747995665923
"Infiniti QX50",2019,1,0.0196256166827938
"Infiniti QX50",2019,2,0.0259095087506002
"Infiniti QX50",2019,3,0.0408912372490048
"Infiniti QX50",2020,1,0.0184297737729165
"Infiniti QX50",2020,2,0.0152541860768051
"Infiniti QX50",2020,3,0.0187046407247366
"Infiniti QX60",2018,1,0.00933037318197366
"Infiniti QX60",2018,2,0.00935483690754445
"Infiniti QX60",2018,3,0.0100371817748052
"Infiniti QX60",2019,1,0.00839984108090377
"Infiniti QX60",2019,2,0.00770111146315557
"Infiniti QX60",2019,3,0.00602411552805816
"Infiniti QX60",2020,1,0.0109582011489929
"Infiniti QX60",2020,2,0.00979925700790961
"Infiniti QX60",2020,3,0.00909706888549759
"Jaguar F-Pace",2018,1,0.00995054894716886
"Jaguar F-Pace",2018,2,0.00807310465315796
"Jaguar F-Pace",2018,3,0.00846693274966779
"Jaguar F-Pace",2019,1,0.0127035110382651
"Jaguar F-Pace",2019,2,0.0120298004702087
"Jaguar F-Pace",2019,3,0.0126078333154616
"Jaguar F-Pace",2020,1,0.0129974121566352
"Jaguar F-Pace",2020,2,0.0117834048029034
"Jaguar F-Pace",2020,3,0.0102135517734717
"Jeep Cherokee",2018,1,0.00767568856544744
"Jeep Cherokee",2018,2,0.00577270464876712
"Jeep Cherokee",2018,3,0.015174467700385
"Jeep Cherokee",2019,1,0.0187490919345598
"Jeep Cherokee",2019,2,0.0105657254105012
"Jeep Cherokee",2019,3,0.00326445025633854
"Jeep Cherokee",2020,1,0.00541803591927855
"Jeep Cherokee",2020,2,0.00580419837403481
"Jeep Cherokee",2020,3,0.0057646131554218
"Jeep Compass",2018,1,0.0051078229440391
"Jeep Compass",2018,2,0.0057634092490843
"Jeep Compass",2018,3,0.00563528816297367
"Jeep Compass",2019,1,0.00640836413887607
"Jeep Compass",2019,2,0.00575156323500311
"Jeep Compass",2019,3,0.00571633008700693
"Jeep Compass",2020,1,0.00836069788188967
"Jeep Compass",2020,2,0.0089680254118667
"Jeep Compass",2020,3,0.00953992185599695
"Jeep Gladiator",2020,1,0.00714997779683388
"Jeep Gladiator",2020,2,0.006178081268387
"Jeep Gladiator",2020,3,0.00585080518408342
"Jeep Grand Cherokee",2018,1,0.00299535714830775
"Jeep Grand Cherokee",2018,2,0.00678158996284882
"Jeep Grand Cherokee",2018,3,0.00867418263660842
"Jeep Grand Cherokee",2019,1,0.00330133126062282
"Jeep Grand Cherokee",2019,2,0.00779481483992037
"Jeep Grand Cherokee",2019,3,0.00295645744554904
"Jeep Grand Cherokee",2020,1,0.0042707995994129
"Jeep Grand Cherokee",2020,2,0.0106505804949996
"Jeep Grand Cherokee",2020,3,0.0038706894329375
"Jeep Renegade",2018,1,0.0344629769641175
"Jeep Renegade",2018,2,0.0210848759140911
"Jeep Renegade",2018,3,0.0438694332046142
"Jeep Renegade",2019,1,0.0172614294241441
"Jeep Renegade",2019,2,0.0206198283872604
"Jeep Renegade",2019,3,0.0208070271471931
"Jeep Renegade",2020,1,0.0277157867088054
"Jeep Renegade",2020,2,0.0241038302903899
"Jeep Renegade",2020,3,0.0262558245102709
"Jeep Wrangler",2018,1,0.00431424803649009
"Jeep Wrangler",2018,2,0.0163860405059224
"Jeep Wrangler",2018,3,0.0194248005326221
"Jeep Wrangler",2019,1,0.00476349973312618
"Jeep Wrangler",2019,2,0.0124639540302361
"Jeep Wrangler",2019,3,0.00593133778340109
"Jeep Wrangler",2020,1,0.00509883740287284
"Jeep Wrangler",2020,2,0.0058210391491777
"Jeep Wrangler",2020,3,0.00670820874494916
"Jeep Wrangler JK",2018,1,0.0190535132149636
"Jeep Wrangler JK",2018,2,0.00869266120262606
"Jeep Wrangler JK",2018,3,0.00701659823754382
"Kia Forte",2018,1,0.00499344957298231
"Kia Forte",2018,2,0.00543377770458771
"Kia Forte",2018,3,0.00614958267542197
"Kia Forte",2019,1,0.00576946545679527
"Kia Forte",2019,2,0.00603432570216173
"Kia Forte",2019,3,0.00675537056801518
"Kia Forte",2020,1,0.0060869046607412
"Kia Forte",2020,2,0.00630224603363138
"Kia Forte",2020,3,0.00816736283743128
"Kia Niro",2018,1,0.00457349942618623
"Kia Niro",2018,2,0.00415961764115146
"Kia Niro",2018,3,0.00483938830643993
"Kia Niro",2019,1,0.00440880664745455
"Kia Niro",2019,2,0.0132702498389704
"Kia Niro",2019,3,0.00566839161213857
"Kia Niro",2020,1,0.0148156731574805
"Kia Niro",2020,2,0.0141948966331177
"Kia Niro",2020,3,0.0141278330761256
"Kia Niro Electric",2019,1,0.00420087063356119
"Kia Niro Electric",2019,2,0.00723006538436591
"Kia Niro Electric",2019,3,0.00718194100389561
"Kia Niro Electric",2020,1,0.00942786812806
"Kia Niro Electric",2020,2,0.0129880039437144
"Kia Optima",2018,1,0.0121131339655737
"Kia Optima",2018,2,0.00499357356038013
"Kia Optima",2018,3,0.00542826757118978
"Kia Optima",2019,1,0.00427553315677272
"Kia Optima",2019,2,0.0035149374887874
"Kia Optima",2019,3,0.00440438420039862
"Kia Optima",2020,1,0.00811647359231794
"Kia Optima",2020,2,0.00720261939579831
"Kia Optima",2020,3,0.00775875705968968
"Kia Sedona",2018,1,0.0332489251600034
"Kia Sedona",2018,2,0.0172619842944662
"Kia Sedona",2018,3,0.0189839531739844
"Kia Sedona",2019,1,0.0151586233147362
"Kia Sedona",2019,2,0.0142216741559682
"Kia Sedona",2019,3,0.0141556433304345
"Kia Sedona",2020,1,0.017752959538386
"Kia Sedona",2020,2,0.0193725998000304
"Kia Sedona",2020,3,0.0193021758346837
"Kia Sorento",2018,1,0.0038568661860587
"Kia Sorento",2018,2,0.00283884502584155
"Kia Sorento",2018,3,0.00813502704464951
"Kia Sorento",2019,1,0.00266451604873681
"Kia Sorento",2019,2,0.00637708220786738
"Kia Sorento",2019,3,0.00173468184266814
"Kia Sorento",2020,1,0.00410047449076817
"Kia Sorento",2020,2,0.00531234834110424
"Kia Sorento",2020,3,0.0053790283558159
"Kia Soul",2018,1,0.00392989579314792
"Kia Soul",2018,2,0.00486682747404817
"Kia Soul",2018,3,0.0116573008499513
"Kia Soul",2019,1,0.00449664293766473
"Kia Soul",2019,2,0.00448342965105831
"Kia Soul",2019,3,0.0041632975201489
"Kia Soul",2020,1,0.00375290714035307
"Kia Soul",2020,2,0.00371838560192045
"Kia Soul",2020,3,0.0221094018393115
"Kia Sportage",2018,1,0.00411553524807914
"Kia Sportage",2018,2,0.00301116549893282
"Kia Sportage",2018,3,0.00426086395360296
"Kia Sportage",2019,1,0.0196057176191869
"Kia Sportage",2019,2,0.00639633653553696
"Kia Sportage",2019,3,0.00629496213911433
"Kia Sportage",2020,1,0.00352521996141245
"Kia Sportage",2020,2,0.00375872612668133
"Kia Sportage",2020,3,0.00365410904392173
"Kia Stinger",2018,1,0.00782458217609098
"Kia Stinger",2018,2,0.00768363908445844
"Kia Stinger",2018,3,0.00799936292957315
"Kia Stinger",2019,1,0.0126411139189609
"Kia Stinger",2019,2,0.0291010691636207
"Kia Stinger",2019,3,0.0167883155306083
"Kia Stinger",2020,1,0.0153751127528575
"Kia Stinger",2020,2,0.0143207421357129
"Kia Stinger",2020,3,0.0164559926386463
"Kia Telluride",2020,1,0.00505439534555114
"Kia Telluride",2020,2,0.00200820990566854
"Kia Telluride",2020,3,0.00564373176205618
"Lexus ES/Lexus ES Hybrid",2018,1,0.00752992861172782
"Lexus ES/Lexus ES Hybrid",2018,2,0.00269075433381303
"Lexus ES/Lexus ES Hybrid",2018,3,0.00341077203396847
"Lexus ES/Lexus ES Hybrid",2019,1,0.00121100688442088
"Lexus ES/Lexus ES Hybrid",2019,2,0.0015870508872008
"Lexus ES/Lexus ES Hybrid",2019,3,0.00199468764132048
"Lexus ES/Lexus ES Hybrid",2020,1,0.00265811164149274
"Lexus ES/Lexus ES Hybrid",2020,2,0.00274337962074359
"Lexus ES/Lexus ES Hybrid",2020,3,0.00395981239109526
"Lexus GS",2018,1,0.00589096213132637
"Lexus GS",2018,2,0.00628471445933008
"Lexus GS",2018,3,0.00689738398632197
"Lexus GS",2019,1,0.00923507871890058
"Lexus GS",2019,2,0.0085337123892269
"Lexus GS",2019,3,0.00901934010848654
"Lexus GS",2020,1,0.0101009121289839
"Lexus GS",2020,2,0.0112141946170368
"Lexus GS",2020,3,0.0116568009694459
"Lexus GX",2018,1,0.00991969171913747
"Lexus GX",2018,2,0.0200092085554239
"Lexus GX",2018,3,0.0111940260657985
"Lexus GX",2019,1,0.00844995536219168
"Lexus GX",2019,2,0.00799592659776566
"Lexus GX",2019,3,0.00809453930142755
"Lexus GX",2020,1,0.0073671873729352
"Lexus GX",2020,2,0.00917211278375536
"Lexus GX",2020,3,0.009526738628278
"Lexus IS",2018,1,0.00974142668716231
"Lexus IS",2018,2,0.00905473373710797
"Lexus IS",2018,3,0.0109206838200288
"Lexus IS",2019,1,0.00990129632859004
"Lexus IS",2019,2,0.0107376406172994
"Lexus IS",2019,3,0.0124952644488312
"Lexus IS",2020,2,0.0194189601281098
"Lexus LS",2018,1,0.00628429593643522
"Lexus LS",2018,2,0.00648044424574877
"Lexus LS",2018,3,0.00773573883698617
"Lexus LS",2019,1,0.00888095383710029
"Lexus LS",2019,2,0.00882197011203293
"Lexus LS",2019,3,0.0101616622452135
"Lexus LS",2020,1,0.011821897209027
"Lexus LS",2020,2,0.0137579457584908
"Lexus LS",2020,3,0.013550426396674
"Lexus LX",2018,1,0.0122338407334134
"Lexus LX",2018,2,0.0117211294772536
"Lexus LX",2018,3,0.0123415341786338
"Lexus LX",2019,1,0.0121065676944859
"Lexus LX",2019,2,0.00970600312246462
"Lexus LX",2019,3,0.0132048976222675
"Lexus LX",2020,1,0.0136685654822718
"Lexus LX",2020,2,0.0120090283456304
"Lexus LX",2020,3,0.0135234478159739
"Lexus NX",2018,1,0.00253342075731268
"Lexus NX",2018,2,0.00246083848219129
"Lexus NX",2018,3,0.00365152126739758
"Lexus NX",2019,1,0.00299875659215158
"Lexus NX",2019,2,0.00217045996507766
"Lexus NX",2019,3,0.00249546483213452
"Lexus NX",2020,1,0.00291127300507717
"Lexus NX",2020,2,0.00272844327291065
"Lexus NX",2020,3,0.0118745280330138
"Lexus RX/Lexus RX Hybrid/RX L",2018,1,0.00500058756923237
"Lexus RX/Lexus RX Hybrid/RX L",2018,2,0.0101469389587397
"Lexus RX/Lexus RX Hybrid/RX L",2018,3,0.0026901576585795
"Lexus RX/Lexus RX Hybrid/RX L",2019,1,0.00738966242868554
"Lexus RX/Lexus RX Hybrid/RX L",2019,2,0.00122048410453104
"Lexus RX/Lexus RX Hybrid/RX L",2019,3,0.00188791974343883
"Lexus RX/Lexus RX Hybrid/RX L",2020,1,0.00111684053030843
"Lexus RX/Lexus RX Hybrid/RX L",2020,2,0.0014259501813562
"Lexus RX/Lexus RX Hybrid/RX L",2020,3,0.00205857868557835
"Lexus UX",2019,1,0.00647408716544077
"Lexus UX",2019,2,0.00722688997892273
"Lexus UX",2019,3,0.00924835306975508
"Lexus UX",2020,1,0.0123239576091173
"Lexus UX",2020,2,0.0132250408036721
"Lexus UX",2020,3,0.0397767916844109
"Lincoln Aviator",2020,1,0.0359097487155251
"Lincoln Aviator",2020,2,0.016241921824278
"Lincoln Aviator",2020,3,0.038754195368576
"Lincoln Continental",2018,1,0.010711765721238
"Lincoln Continental",2018,2,0.0129521211450922
"Lincoln Continental",2019,1,0.0204841208870551
"Lincoln Continental",2019,2,0.0742586403500989
"Lincoln Continental",2019,3,0.0305161981305842
"Lincoln Continental",2020,1,0.0215397987577819
"Lincoln Continental",2020,2,0.0249210711737976
"Lincoln Continental",2020,3,0.0248778960143836
"Lincoln Corsair",2020,1,0.00753491845500804
"Lincoln Corsair",2020,2,0.00693451373645613
"Lincoln Corsair",2020,3,0.0061627787041801
"Lincoln MKC",2018,1,0.00625372176618386
"Lincoln MKC",2018,2,0.00814699433456261
"Lincoln MKC",2018,3,0.00746464420062084
"Lincoln MKC",2019,1,0.00395925649040591
"Lincoln MKC",2019,2,0.00392357205411287
"Lincoln MKC",2019,3,0.00476789451532971
"Lincoln MKX",2018,1,0.0177860864309257
"Lincoln MKX",2018,2,0.0224123429519084
"Lincoln MKX",2018,3,0.0290463175456782
"Lincoln MKZ/Lincoln MKZ Hybrid",2018,1,0.00449326016003931
"Lincoln MKZ/Lincoln MKZ Hybrid",2018,2,0.00443028908300843
"Lincoln MKZ/Lincoln MKZ Hybrid",2018,3,0.00545212891066466
"Lincoln MKZ/Lincoln MKZ Hybrid",2019,1,0.00400307160425499
"Lincoln MKZ/Lincoln MKZ Hybrid",2019,2,0.00456389404775061
"Lincoln MKZ/Lincoln MKZ Hybrid",2019,3,0.00516977252561587
"Lincoln MKZ/Lincoln MKZ Hybrid",2020,1,0.00783622760587728
"Lincoln MKZ/Lincoln MKZ Hybrid",2020,2,0.00952173853910703
"Lincoln MKZ/Lincoln MKZ Hybrid",2020,3,0.0104753199286477
"Lincoln Nautilus",2019,1,0.00397711765391792
"Lincoln Nautilus",2019,2,0.00375960846881504
"Lincoln Nautilus",2019,3,0.0135278064209342
"Lincoln Nautilus",2020,1,0.00791444892708239
"Lincoln Nautilus",2020,2,0.00759657097691775
"Lincoln Nautilus",2020,3,0.00921051870353693
"Lincoln Navigator",2018,1,0.0119251254919349
"Lincoln Navigator",2018,2,0.0109322946736695
"Lincoln Navigator",2018,3,0.0117492491324808
"Lincoln Navigator",2019,1,0.0138117396973886
"Lincoln Navigator",2019,2,0.0131995859646758
"Lincoln Navigator",2019,3,0.0315732232914422
"Lincoln Navigator",2020,1,0.0187299122430388
"Lincoln Navigator",2020,2,0.016853364666855
"Lincoln Navigator",2020,3,0.0182940781663958
"Mazda 3",2018,1,0.00210559299989597
"Mazda 3",2018,2,0.00273123776046479
"Mazda 3",2018,3,0.0171891590522672
"Mazda 3",2019,1,0.0223085635402275
"Mazda 3",2019,2,0.0218029348887729
"Mazda 3",2019,3,0.0136149665408443
"Mazda 3",2020,1,0.00778004687582844
"Mazda 3",2020,2,0.00875657729223349
"Mazda 3",2020,3,0.00911605931172692
"Mazda 6",2018,1,0.00343023875844754
"Mazda 6",2018,2,0.00353561366214539
"Mazda 6",2018,3,0.00373276456904945
"Mazda 6",2019,1,0.00558963109860225
"Mazda 6",2019,2,0.00663305025712091
"Mazda 6",2019,3,0.00669553645986994
"Mazda 6",2020,1,0.00607715382785201
"Mazda 6",2020,2,0.00721203440373664
"Mazda 6",2020,3,0.0092459333330418
"Mazda CX-3",2018,1,0.00705101218090402
"Mazda CX-3",2018,2,0.00845110225963224
"Mazda CX-3",2018,3,0.00934279251912165
"Mazda CX-3",2019,1,0.00595212599812236
"Mazda CX-3",2019,2,0.00719597658006424
"Mazda CX-3",2019,3,0.00725628618225285
"Mazda CX-3",2020,1,0.0129915794246949
"Mazda CX-3",2020,2,0.0123678012853294
"Mazda CX-3",2020,3,0.015351321014035
"Mazda CX-30",2020,1,0.00392812081524093
"Mazda CX-30",2020,2,0.00621386452431244
"Mazda CX-30",2020,3,0.00915290148693187
"Mazda CX-5",2018,1,0.00108910592171241
"Mazda CX-5",2018,2,0.000923688748869535
"Mazda CX-5",2018,3,0.00172460660035435
"Mazda CX-5",2019,1,0.00294430067854499
"Mazda CX-5",2019,2,0.00409533104980045
"Mazda CX-5",2019,3,0.00477705410070632
"Mazda CX-5",2020,1,0.00143482109868722
"Mazda CX-5",2020,2,0.00675271594555006
"Mazda CX-5",2020,3,0.00323197799620738
"Mazda CX-9",2018,1,0.00713607479501691
"Mazda CX-9",2018,2,0.00574611757034435
"Mazda CX-9",2018,3,0.0181448880558404
"Mazda CX-9",2019,1,0.00409349984486806
"Mazda CX-9",2019,2,0.00348361396869405
"Mazda CX-9",2019,3,0.00551623266365857
"Mazda CX-9",2020,1,0.00530239432176172
"Mazda CX-9",2020,2,0.00564792535086818
"Mazda CX-9",2020,3,0.00709288696761646
"Mazda MX-5 Miata",2018,1,0.00609531967370479
"Mazda MX-5 Miata",2018,2,0.00765158496282343
"Mazda MX-5 Miata",2018,3,0.00869836345590289
"Mazda MX-5 Miata",2019,1,0.0032326995257899
"Mazda MX-5 Miata",2019,2,0.00545692326190333
"Mazda MX-5 Miata",2019,3,0.00664362573051453
"Mazda MX-5 Miata",2020,1,0.0061258265968241
"Mazda MX-5 Miata",2020,2,0.00975700415882876
"Mercedes-Benz C-Class",2018,1,0.0222789352629477
"Mercedes-Benz C-Class",2018,2,0.0208075230989436
"Mercedes-Benz C-Class",2018,3,0.0146798701531953
"Mercedes-Benz C-Class",2019,1,0.0224922027955163
"Mercedes-Benz C-Class",2019,2,0.0325502260284995
"Mercedes-Benz C-Class",2019,3,0.0157486002827023
"Mercedes-Benz C-Class",2020,1,0.0132316092620734
"Mercedes-Benz C-Class",2020,2,0.0144373551073956
"Mercedes-Benz C-Class",2020,3,0.0154668437024159
"Mercedes-Benz E-Class",2018,1,0.0356253327893263
"Mercedes-Benz E-Class",2018,2,0.0221615565367627
"Mercedes-Benz E-Class",2018,3,0.0427097708626136
"Mercedes-Benz E-Class",2019,1,0.0242535814899256
"Mercedes-Benz E-Class",2019,2,0.0215866194966625
"Mercedes-Benz E-Class",2019,3,0.0288999014267281
"Mercedes-Benz E-Class",2020,1,0.010721958907549
"Mercedes-Benz E-Class",2020,2,0.00978623108731743
"Mercedes-Benz E-Class",2020,3,0.0125572338897852
"Mercedes-Benz GLA",2018,1,0.00822471228803122
"Mercedes-Benz GLA",2018,2,0.00760610517479416
"Mercedes-Benz GLA",2018,3,0.00867119425404375
"Mercedes-Benz GLA",2019,1,0.00993574450537496
"Mercedes-Benz GLA",2019,2,0.0100005791755633
"Mercedes-Benz GLA",2019,3,0.0100694028135365
"Mercedes-Benz GLA",2020,1,0.0131384337019719
"Mercedes-Benz GLA",2020,2,0.0135109248113601
"Mercedes-Benz GLA",2020,3,0.0129375234599905
"Mercedes-Benz GLC",2018,1,0.0109054539888979
"Mercedes-Benz GLC",2018,2,0.00385212880768699
"Mercedes-Benz GLC",2018,3,0.00435092965426646
"Mercedes-Benz GLC",2019,1,0.00389399695682448
"Mercedes-Benz GLC",2019,2,0.00347423183757407
"Mercedes-Benz GLC",2019,3,0.00501009044821913
"Mercedes-Benz GLC",2020,1,0.00627371536027953
"Mercedes-Benz GLC",2020,2,0.00490234976120263
"Mercedes-Benz GLC",2020,3,0.00572466770392835
"Mercedes-Benz GLE",2018,1,0.00482492093560293
"Mercedes-Benz GLE",2018,2,0.00389119325621809
"Mercedes-Benz GLE",2018,3,0.00483209122092094
"Mercedes-Benz GLE",2019,1,0.0100743342123073
"Mercedes-Benz GLE",2019,2,0.00969571401239822
"Mercedes-Benz GLE",2019,3,0.00872961809939347
"Mercedes-Benz GLE",2020,1,0.00629205003820452
"Mercedes-Benz GLE",2020,2,0.00576546119246334
"Mercedes-Benz GLE",2020,3,0.0143450534925979
"Mercedes-Benz GLS",2018,1,0.0146610508628658
"Mercedes-Benz GLS",2018,2,0.01270486417178
"Mercedes-Benz GLS",2018,3,0.00995941055800212
"Mercedes-Benz GLS",2019,1,0.0214753104182988
"Mercedes-Benz GLS",2019,2,0.0195223741061114
"Mercedes-Benz GLS",2019,3,0.0398140936184538
"Mercedes-Benz GLS",2020,1,0.0143535665872786
"Mercedes-Benz GLS",2020,2,0.015278902110128
"Mercedes-Benz GLS",2020,3,0.0147867482946817
"Mercedes-Benz S-Class",2018,1,0.0163592031274464
"Mercedes-Benz S-Class",2018,2,0.0140139879783869
"Mercedes-Benz S-Class",2018,3,0.0376689578948687
"Mercedes-Benz S-Class",2019,1,0.0104078407308993
"Mercedes-Benz S-Class",2019,2,0.0100357975807745
"Mercedes-Benz S-Class",2019,3,0.0106219036024804
"Mercedes-Benz S-Class",2020,1,0.0145749788300951
"Mercedes-Benz S-Class",2020,2,0.0139174865790403
"Mercedes-Benz S-Class",2020,3,0.0160957950126409
"Mercedes-Benz Sprinter",2018,1,0.0440315359984666
"Mercedes-Benz Sprinter",2018,2,0.0276975377159064
"Mercedes-Benz Sprinter",2018,3,0.0307876809106184
"Mercedes-Benz Sprinter",2019,1,0.0122594130674022
"Mercedes-Benz Sprinter",2019,2,0.016428989845844
"Mercedes-Benz Sprinter",2019,3,0.0155098051813562
"Mercedes-Benz Sprinter",2020,3,0.0294619997633855
"Mini Cooper Countryman",2018,1,0.00850961548056862
"Mini Cooper Countryman",2018,2,0.00796447963981215
"Mini Cooper Countryman",2018,3,0.00727920007321042
"Mini Cooper Countryman",2019,1,0.0228645621645587
"Mini Cooper Countryman",2019,2,0.00886635025416905
"Mini Cooper Countryman",2019,3,0.0104614631295727
"Mini Cooper Countryman",2020,1,0.0116488758886181
"Mini Cooper Countryman",2020,2,0.0111044159502587
"Mini Cooper Countryman",2020,3,0.0129245943212554
"Mini Cooper/Mini Clubman",2018,1,0.0298716014305495
"Mini Cooper/Mini Clubman",2018,2,0.0290166270796507
"Mini Cooper/Mini Clubman",2018,3,0.02001602388982
"Mini Cooper/Mini Clubman",2019,1,0.00576422871506815
"Mini Cooper/Mini Clubman",2019,2,0.00618285187847649
"Mini Cooper/Mini Clubman",2019,3,0.00761223970456649
"Mini Cooper/Mini Clubman",2020,1,0.0182905057729308
"Mini Cooper/Mini Clubman",2020,2,0.0185090190209776
"Mini Cooper/Mini Clubman",2020,3,0.0390989288867142
"Mitsubishi Outlander",2018,1,0.00999972991521429
"Mitsubishi Outlander",2018,2,0.00902236159792575
"Mitsubishi Outlander",2018,3,0.0124995531293376
"Mitsubishi Outlander",2019,1,0.0173218050898566
"Mitsubishi Outlander",2019,2,0.040244017424547
"Mitsubishi Outlander",2019,3,0.0217301256969021
"Mitsubishi Outlander",2020,1,0.0242676204080945
"Mitsubishi Outlander",2020,3,0.0238811170781597
"Nissan Altima",2018,1,0.00722864917859933
"Nissan Altima",2018,2,0.00692548640445552
"Nissan Altima",2018,3,0.00633780594541714
"Nissan Altima",2019,1,0.00654674297586956
"Nissan Altima",2019,2,0.0193947124330946
"Nissan Altima",2019,3,0.0208618873800352
"Nissan Altima",2020,1,0.00641782018753019
"Nissan Altima",2020,2,0.00724475281499969
"Nissan Altima",2020,3,0.00678977075894473
"Nissan Armada",2018,1,0.012109800595495
"Nissan Armada",2018,2,0.0111065589190569
"Nissan Armada",2018,3,0.00956017263459468
"Nissan Armada",2019,1,0.00929879603224512
"Nissan Armada",2019,2,0.00905005769888415
"Nissan Armada",2019,3,0.0107516526784281
"Nissan Armada",2020,1,0.0188445821808383
"Nissan Frontier",2018,1,0.00625961539330956
"Nissan Frontier",2018,2,0.006249483306648
"Nissan Frontier",2018,3,0.0179239367661488
"Nissan Frontier",2019,1,0.00385987016759487
"Nissan Frontier",2019,2,0.00500600736967686
"Nissan Frontier",2019,3,0.00486574368265153
"Nissan Frontier",2020,2,0.0215866283860516
"Nissan Kicks",2018,1,0.0159445673520137
"Nissan Kicks",2018,2,0.0176834075864002
"Nissan Kicks",2018,3,0.0468021417836101
"Nissan Kicks",2019,1,0.0106230291607187
"Nissan Kicks",2019,2,0.0147499186367313
"Nissan Kicks",2019,3,0.013339433973098
"Nissan Kicks",2020,1,0.0204994102998325
"Nissan Kicks",2020,2,0.0207158738451473
"Nissan Kicks",2020,3,0.0198830679448306
"Nissan Leaf",2018,1,0.00672180664791389
"Nissan Leaf",2018,2,0.0151201215830919
"Nissan Leaf",2018,3,0.00919582306757173
"Nissan Leaf",2019,1,0.00572499696203899
"Nissan Leaf",2019,2,0.0191430788535485
"Nissan Leaf",2019,3,0.00956381114604248
"Nissan Leaf",2020,1,0.01069577398181
"Nissan Leaf",2020,2,0.0150212659828261
"Nissan Leaf",2020,3,0.0144532925000285
"Nissan Maxima",2018,1,0.0110015723713883
"Nissan Maxima",2018,2,0.0103604041984745
"Nissan Maxima",2018,3,0.0134898448300865
"Nissan Maxima",2019,1,0.0181539740441258
"Nissan Maxima",2019,2,0.0419356688057325
"Nissan Maxima",2019,3,0.02033208127414
"Nissan Maxima",2020,1,0.0168198559720521
"Nissan Maxima",2020,2,0.0198584808891115
"Nissan Maxima",2020,3,0.0189856115772574
"Nissan Murano",2018,1,0.00861681472323518
"Nissan Murano",2018,2,0.00246143103293572
"Nissan Murano",2018,3,0.00296020590214487
"Nissan Murano",2019,1,0.00239510413337646
"Nissan Murano",2019,2,0.00300075713306517
"Nissan Murano",2019,3,0.00421316743580658
"Nissan Murano",2020,1,0.00461631453656797
"Nissan Murano",2020,2,0.00472206332973653
"Nissan Murano",2020,3,0.00616640990894525
"Nissan Pathfinder",2018,1,0.0262096967253647
"Nissan Pathfinder",2018,2,0.0399204157664949
"Nissan Pathfinder",2018,3,0.0406347628996508
"Nissan Pathfinder",2019,1,0.0243939592794205
"Nissan Pathfinder",2019,2,0.0289052358566563
"Nissan Pathfinder",2019,3,0.0435648755908647
"Nissan Pathfinder",2020,1,0.0263009615282434
"Nissan Pathfinder",2020,2,0.0289076358373302
"Nissan Pathfinder",2020,3,0.0267915728307905
"Nissan Rogue",2018,1,0.00819014496317978
"Nissan Rogue",2018,2,0.0107849479389614
"Nissan Rogue",2018,3,0.00864589518652799
"Nissan Rogue",2019,1,0.00235572652437089
"Nissan Rogue",2019,2,0.00210497554315647
"Nissan Rogue",2019,3,0.0084060918728476
"Nissan Rogue",2020,1,0.00357501076364728
"Nissan Rogue",2020,2,0.00344821461487125
"Nissan Rogue",2020,3,0.00411207619816297
"Nissan Rogue Sport",2018,1,0.0239779724988884
"Nissan Rogue Sport",2018,2,0.00949073290140383
"Nissan Rogue Sport",2018,3,0.0296675042203388
"Nissan Rogue Sport",2019,1,0.00658598480760141
"Nissan Rogue Sport",2019,2,0.00695704300460766
"Nissan Rogue Sport",2019,3,0.00924527141376563
"Nissan Rogue Sport",2020,1,0.0103461658241634
"Nissan Rogue Sport",2020,2,0.0140049709245588
"Nissan Rogue Sport",2020,3,0.0146150360080418
"Nissan Sentra",2018,1,0.00764933867586687
"Nissan Sentra",2018,2,0.00778817683492921
"Nissan Sentra",2018,3,0.00722956825259539
"Nissan Sentra",2019,1,0.00740941291944989
"Nissan Sentra",2019,2,0.00727807184387546
"Nissan Sentra",2019,3,0.00747280165953204
"Nissan Sentra",2020,1,0.0110637580176678
"Nissan Sentra",2020,2,0.0114856344280282
"Nissan Sentra",2020,3,0.013863970618638
"Nissan Titan",2018,1,0.00890392119764938
"Nissan Titan",2018,2,0.00834281612513126
"Nissan Titan",2018,3,0.0108983560175411
"Nissan Titan",2019,1,0.00949629882706397
"Nissan Titan",2019,2,0.0118733433860744
"Nissan Titan",2019,3,0.0109219773878586
"Porsche 718 Boxster/718 Cayman",2018,1,0.00761531290553235
"Porsche 718 Boxster/718 Cayman",2018,2,0.0104834940087528
"Porsche 718 Boxster/718 Cayman",2019,1,0.00766038011913217
"Porsche 718 Boxster/718 Cayman",2019,2,0.0102854726765733
"Porsche 718 Boxster/718 Cayman",2019,3,0.0109816079382555
"Porsche 718 Boxster/718 Cayman",2020,2,0.0221876079213908
"Porsche 911",2018,1,0.00669663089752629
"Porsche 911",2018,2,0.010342699044363
"Porsche 911",2019,1,0.00892835351479194
"Porsche 911",2019,2,0.0101150718491737
"Porsche 911",2019,3,0.0115752324786476
"Porsche 911",2020,1,0.00957898999336066
"Porsche 911",2020,2,0.00880378719878905
"Porsche 911",2020,3,0.0124947514561721
"Porsche Cayenne",2018,1,0.00841953823862772
"Porsche Cayenne",2018,2,0.00926704066410578
"Porsche Cayenne",2018,3,0.0100146237547912
"Porsche Cayenne",2019,1,0.0067275690519301
"Porsche Cayenne",2019,2,0.00543363656253473
"Porsche Cayenne",2019,3,0.00557365646867011
"Porsche Cayenne",2020,1,0.0105380414653381
"Porsche Cayenne",2020,2,0.00994949025677019
"Porsche Cayenne",2020,3,0.0108722309139584
"Porsche Macan",2018,1,0.00284850368952701
"Porsche Macan",2018,2,0.00343986872048162
"Porsche Macan",2018,3,0.00414055777255272
"Porsche Macan",2019,1,0.005095254133731
"Porsche Macan",2019,2,0.00608948102464421
"Porsche Macan",2019,3,0.00761885658666459
"Porsche Macan",2020,1,0.00627164514230728
"Porsche Macan",2020,2,0.00518510720197575
"Porsche Macan",2020,3,0.00679223312682252
"Porsche Panamera",2018,1,0.0149056235795366
"Porsche Panamera",2018,2,0.0134672411646288
"Porsche Panamera",2018,3,0.0170041365125367
"Porsche Panamera",2019,1,0.0209604134804494
"Porsche Panamera",2019,2,0.0225052525362117
"Porsche Panamera",2019,3,0.0227151373758971
"Porsche Panamera",2020,1,0.0556677748407816
"Porsche Panamera",2020,2,0.0290645390660088
"Porsche Panamera",2020,3,0.028367872171142
"Subaru Ascent",2019,1,0.0027795280156021
"Subaru Ascent",2019,2,0.00797853621464052
"Subaru Ascent",2019,3,0.0219604740661846
"Subaru Ascent",2020,1,0.00237546288842788
"Subaru Ascent",2020,2,0.00526793265336437
"Subaru Ascent",2020,3,0.00798215226963081
"Subaru Crosstrek/Subaru XV Crosstrek",2018,1,0.00364335401847384
"Subaru Crosstrek/Subaru XV Crosstrek",2018,2,0.00102279089396935
"Subaru Crosstrek/Subaru XV Crosstrek",2018,3,0.00105137705196032
"Subaru Crosstrek/Subaru XV Crosstrek",2019,1,0.0032092940979286
"Subaru Crosstrek/Subaru XV Crosstrek",2019,2,0.00504627221280147
"Subaru Crosstrek/Subaru XV Crosstrek",2019,3,0.00408985513502457
"Subaru Crosstrek/Subaru XV Crosstrek",2020,1,0.0012650963334548
"Subaru Crosstrek/Subaru XV Crosstrek",2020,2,0.00162874850792981
"Subaru Crosstrek/Subaru XV Crosstrek",2020,3,0.00247403830045652
"Subaru Forester",2018,1,0.00399836857022752
"Subaru Forester",2018,2,0.00498462995301976
"Subaru Forester",2018,3,0.00549943658527232
"Subaru Forester",2019,1,0.00965828555961747
"Subaru Forester",2019,2,0.00258911261000602
"Subaru Forester",2019,3,0.00660214674794263
"Subaru Forester",2020,1,0.00165363915577067
"Subaru Forester",2020,2,0.0017161789638801
"Subaru Forester",2020,3,0.000767231640972067
"Subaru Impreza",2018,1,0.00296187684280766
"Subaru Impreza",2018,2,0.0090122707820401
"Subaru Impreza",2018,3,0.0121011867118376
"Subaru Impreza",2019,1,0.00218354099696698
"Subaru Impreza",2019,2,0.00262962343173339
"Subaru Impreza",2019,3,0.00265642218002726
"Subaru Impreza",2020,1,0.00352428263540414
"Subaru Impreza",2020,2,0.00439945142809047
"Subaru Impreza",2020,3,0.00496444359793734
"Subaru Impreza WRX/STi/Subaru WRX/STi",2018,1,0.00853371392039125
"Subaru Impreza WRX/STi/Subaru WRX/STi",2018,2,0.00844769802724443
"Subaru Impreza WRX/STi/Subaru WRX/STi",2018,3,0.00816517155216426
"Subaru Impreza WRX/STi/Subaru WRX/STi",2019,1,0.0107743252495313
"Subaru Impreza WRX/STi/Subaru WRX/STi",2019,2,0.00938867266609922
"Subaru Impreza WRX/STi/Subaru WRX/STi",2019,3,0.01001292280465
"Subaru Impreza WRX/STi/Subaru WRX/STi",2020,1,0.0126352063746923
"Subaru Impreza WRX/STi/Subaru WRX/STi",2020,2,0.012470223291726
"Subaru Impreza WRX/STi/Subaru WRX/STi",2020,3,0.0142885885656491
"Subaru Legacy",2018,1,0.0123178806027824
"Subaru Legacy",2018,2,0.0187488652273758
"Subaru Legacy",2018,3,0.0048886795820204
"Subaru Legacy",2019,1,0.00292697396683519
"Subaru Legacy",2019,2,0.0070275191230427
"Subaru Legacy",2019,3,0.00376877474143602
"Subaru Legacy",2020,1,0.0141695200211164
"Subaru Legacy",2020,2,0.00464556832303379
"Subaru Legacy",2020,3,0.0138420624804227
"Subaru Outback",2018,1,0.00455711465789538
"Subaru Outback",2018,2,0.000436429531581769
"Subaru Outback",2018,3,0.00494226621606789
"Subaru Outback",2019,1,0.0046357447990944
"Subaru Outback",2019,2,0.00443087601641016
"Subaru Outback",2019,3,0.00751396686374966
"Subaru Outback",2020,1,0.00260599664143218
"Subaru Outback",2020,2,0.00542610084480164
"Subaru Outback",2020,3,0.00381355018197229
"Tesla Model 3",2018,1,0.0102320869372787
"Tesla Model 3",2018,2,0.0181162690286159
"Tesla Model 3",2018,3,0.0273248570155878
"Tesla Model 3",2019,1,0.0165591877139222
"Tesla Model 3",2019,2,0.040302625489072
"Tesla Model 3",2019,3,0.0373955103986981
"Tesla Model 3",2020,1,0.0247062245462812
"Tesla Model 3",2020,2,0.0158848165541213
"Tesla Model 3",2020,3,0.0364223453942933
"Tesla Model S",2018,1,0.00797547349051015
"Tesla Model S",2018,2,0.0158641334438043
"Tesla Model S",2018,3,0.0188583351429188
"Tesla Model S",2019,1,0.0214041493203225
"Tesla Model S",2019,2,0.0139688563424642
"Tesla Model S",2019,3,0.0274485491841623
"Tesla Model S",2020,1,0.00994707404626485
"Tesla Model S",2020,2,0.0151892711833491
"Tesla Model S",2020,3,0.0449855880962447
"Tesla Model X",2018,1,0.0720255281785516
"Tesla Model X",2018,2,0.0321252948702212
"Tesla Model X",2018,3,0.0344127183947852
"Tesla Model X",2019,1,0.0539980263533967
"Tesla Model X",2019,2,0.0248032328118036
"Tesla Model X",2019,3,0.0969879760476913
"Tesla Model X",2020,1,0.0484256146072646
"Tesla Model X",2020,2,0.0267509454252699
"Tesla Model X",2020,3,0.0292952897701923
"Tesla Model Y",2020,1,0.116139885314742
"Tesla Model Y",2020,2,0.136982527123903
"Tesla Model Y",2020,3,0.15079605388494
"Toyota 4Runner",2018,1,0.00219873202621931
"Toyota 4Runner",2018,2,0.00212751457560392
"Toyota 4Runner",2018,3,0.00221046010372719
"Toyota 4Runner",2019,1,0.00282910622396204
"Toyota 4Runner",2019,2,0.0025748142406096
"Toyota 4Runner",2019,3,0.00247285565559898
"Toyota 4Runner",2020,1,0.00291600385759255
"Toyota 4Runner",2020,2,0.00296415395628625
"Toyota 4Runner",2020,3,0.0035902855989828
"Toyota Avalon/Toyota Avalon Hybrid",2018,1,0.00233640957795077
"Toyota Avalon/Toyota Avalon Hybrid",2018,2,0.00184744905652506
"Toyota Avalon/Toyota Avalon Hybrid",2018,3,0.00236869009376294
"Toyota Avalon/Toyota Avalon Hybrid",2019,1,0.00237676976805976
"Toyota Avalon/Toyota Avalon Hybrid",2019,2,0.00810383941824078
"Toyota Avalon/Toyota Avalon Hybrid",2019,3,0.00787029348706649
"Toyota Avalon/Toyota Avalon Hybrid",2020,1,0.00809382906606989
"Toyota Avalon/Toyota Avalon Hybrid",2020,2,0.00808780792859417
"Toyota Avalon/Toyota Avalon Hybrid",2020,3,0.0042301607253967
"Toyota C-HR",2018,1,0.0065808218053171
"Toyota C-HR",2018,2,0.00667282517872424
"Toyota C-HR",2018,3,0.00653408171910436
"Toyota C-HR",2019,1,0.0080754016466346
"Toyota C-HR",2019,2,0.00731850853109997
"Toyota C-HR",2019,3,0.00818462657660547
"Toyota C-HR",2020,1,0.0133057510397023
"Toyota C-HR",2020,2,0.0121416770446366
"Toyota C-HR",2020,3,0.0132048895489421
"Toyota Camry/Toyota Camry Hybrid",2018,1,0.00221121385596299
"Toyota Camry/Toyota Camry Hybrid",2018,2,0.00211409347385683
"Toyota Camry/Toyota Camry Hybrid",2018,3,0.000650283018946907
"Toyota Camry/Toyota Camry Hybrid",2019,1,0.00350877334801771
"Toyota Camry/Toyota Camry Hybrid",2019,2,0.0119672800372567
"Toyota Camry/Toyota Camry Hybrid",2019,3,0.00149647185976012
"Toyota Camry/Toyota Camry Hybrid",2020,1,0.00144193023994382
"Toyota Camry/Toyota Camry Hybrid",2020,2,0.00615573478276342
"Toyota Camry/Toyota Camry Hybrid",2020,3,0.00227736725016511
"Toyota Corolla",2018,1,0.0069344663343955
"Toyota Corolla",2018,2,0.00230139976920155
"Toyota Corolla",2018,3,0.00216667833319653
"Toyota Corolla",2019,1,0.00337457112600563
"Toyota Corolla",2019,2,0.00242088594439969
"Toyota Corolla",2019,3,0.00935885791118377
"Toyota Corolla",2020,1,0.0023560946812081
"Toyota Corolla",2020,2,0.00193340115168851
"Toyota Corolla",2020,3,0.00619387915819644
"Toyota Corolla Hatchback",2019,1,0.0047214017721478
"Toyota Corolla Hatchback",2019,2,0.00484274052357061
"Toyota Corolla Hatchback",2019,3,0.00530561888401159
"Toyota Corolla Hatchback",2020,1,0.00842977815905558
"Toyota Corolla Hatchback",2020,2,0.00791921933685077
"Toyota Corolla Hatchback",2020,3,0.00922815568395045
"Toyota Highlander/Toyota Highlander Hybrid",2018,1,0.00269328500681445
"Toyota Highlander/Toyota Highlander Hybrid",2018,2,0.00170917197548252
"Toyota Highlander/Toyota Highlander Hybrid",2018,3,0.00234834632920785
"Toyota Highlander/Toyota Highlander Hybrid",2019,1,0.00055398614868364
"Toyota Highlander/Toyota Highlander Hybrid",2019,2,0.00231133628728093
"Toyota Highlander/Toyota Highlander Hybrid",2019,3,0.00673169877247635
"Toyota Highlander/Toyota Highlander Hybrid",2020,1,0.00118445861962283
"Toyota Highlander/Toyota Highlander Hybrid",2020,2,0.00684149048251663
"Toyota Highlander/Toyota Highlander Hybrid",2020,3,0.0031070169137535
"Toyota Prius",2018,1,0.00148579894833185
"Toyota Prius",2018,2,0.001244704577564
"Toyota Prius",2018,3,0.00189642745286893
"Toyota Prius",2019,1,0.0102348713797319
"Toyota Prius",2019,2,0.00250038510655691
"Toyota Prius",2019,3,0.0107112176323979
"Toyota Prius",2020,1,0.00313484052358022
"Toyota Prius",2020,2,0.0109580385587576
"Toyota Prius",2020,3,0.00452610015373984
"Toyota Prius C",2018,1,0.00604447307878185
"Toyota Prius C",2018,2,0.0077151235779242
"Toyota Prius C",2018,3,0.00717067452591448
"Toyota Prius C",2019,1,0.0116698832296474
"Toyota Prius C",2019,2,0.0120350634230039
"Toyota Prius C",2019,3,0.0109441982741707
"Toyota Prius Prime",2018,1,0.0084886805702071
"Toyota Prius Prime",2018,2,0.00350613142740526
"Toyota Prius Prime",2018,3,0.00422312184596692
"Toyota Prius Prime",2019,1,0.00478149375270378
"Toyota Prius Prime",2019,2,0.0144003108068316
"Toyota Prius Prime",2019,3,0.00617714558762399
"Toyota Prius Prime",2020,1,0.00352107648281228
"Toyota Prius Prime",2020,2,0.00923757214785788
"Toyota Prius Prime",2020,3,0.00334656021754264
"Toyota RAV4/Toyota RAV4 Hybrid",2018,1,0.00184057595367381
"Toyota RAV4/Toyota RAV4 Hybrid",2018,2,0.000415182534462106
"Toyota RAV4/Toyota RAV4 Hybrid",2018,3,0.00999857560339271
"Toyota RAV4/Toyota RAV4 Hybrid",2019,1,0.00467134805289537
"Toyota RAV4/Toyota RAV4 Hybrid",2019,2,0.00354987143976867
"Toyota RAV4/Toyota RAV4 Hybrid",2019,3,0.00415246074689028
"Toyota RAV4/Toyota RAV4 Hybrid",2020,1,0.000837488928377745
"Toyota RAV4/Toyota RAV4 Hybrid",2020,2,0.00593880528741623
"Toyota RAV4/Toyota RAV4 Hybrid",2020,3,0.00150926250958929
"Toyota Sequoia",2018,1,0.0133250052507375
"Toyota Sequoia",2018,2,0.013287498480019
"Toyota Sequoia",2018,3,0.0108193093561475
"Toyota Sequoia",2019,1,0.0162492678601188
"Toyota Sequoia",2019,2,0.0408656436730015
"Toyota Sequoia",2019,3,0.0188780488898073
"Toyota Sequoia",2020,1,0.0226710868203983
"Toyota Sequoia",2020,2,0.0205765496286544
"Toyota Sequoia",2020,3,0.0188195950722221
"Toyota Sienna",2018,1,0.0122728116599518
"Toyota Sienna",2018,2,0.00960630199498454
"Toyota Sienna",2018,3,0.00989656699630833
"Toyota Sienna",2019,1,0.0042246137657916
"Toyota Sienna",2019,2,0.0030165302636231
"Toyota Sienna",2019,3,0.00809643927433753
"Toyota Sienna",2020,1,0.00384707541522041
"Toyota Sienna",2020,2,0.0033953768139567
"Toyota Sienna",2020,3,0.00349022684732146
"Toyota Tacoma",2018,1,0.00273885712878642
"Toyota Tacoma",2018,2,0.00713615585793326
"Toyota Tacoma",2018,3,0.00900592428852231
"Toyota Tacoma",2019,1,0.00261635109907472
"Toyota Tacoma",2019,2,0.00864541833465897
"Toyota Tacoma",2019,3,0.00924804738298056
"Toyota Tacoma",2020,1,0.00265033275770459
"Toyota Tacoma",2020,2,0.00244106587535114
"Toyota Tacoma",2020,3,0.00321160229775323
"Toyota Tundra",2018,1,0.0183808392926467
"Toyota Tundra",2018,2,0.0231316831196179
"Toyota Tundra",2018,3,0.00370625150035274
"Toyota Tundra",2019,1,0.00935440547427973
"Toyota Tundra",2019,2,0.00337380325393572
"Toyota Tundra",2019,3,0.00362217820449023
"Toyota Tundra",2020,1,0.00418136338917389
"Toyota Tundra",2020,2,0.00433125239914836
"Toyota Tundra",2020,3,0.00475029401889198
"Volkswagen Atlas",2018,1,0.0074533606321044
"Volkswagen Atlas",2018,2,0.0153534111202741
"Volkswagen Atlas",2018,3,0.0233106962291914
"Volkswagen Atlas",2019,1,0.0040186230472896
"Volkswagen Atlas",2019,2,0.00412304273389328
"Volkswagen Atlas",2019,3,0.00482624093558283
"Volkswagen Atlas",2020,1,0.0174341546098492
"Volkswagen Atlas",2020,2,0.0168408018688605
"Volkswagen Atlas",2020,3,0.0156110304051416
"Volkswagen Beetle",2018,1,0.0251119799531531
"Volkswagen Beetle",2018,2,0.011624099951081
"Volkswagen Beetle",2018,3,0.0146464176600584
"Volkswagen Beetle",2019,1,0.00616349374162789
"Volkswagen Beetle",2019,2,0.00952947688075259
"Volkswagen Beetle",2019,3,0.0108448851896592
"Volkswagen GTI",2018,1,0.0246779480898836
"Volkswagen GTI",2018,2,0.0149033903685036
"Volkswagen GTI",2018,3,0.0321649517121123
"Volkswagen GTI",2019,1,0.0212192503740031
"Volkswagen GTI",2019,2,0.0143472576587798
"Volkswagen GTI",2019,3,0.0154716467133181
"Volkswagen GTI",2020,1,0.018430703667983
"Volkswagen GTI",2020,2,0.0245098637221014
"Volkswagen GTI",2020,3,0.021448404954677
"Volkswagen Golf",2018,1,0.00533054867776466
"Volkswagen Golf",2018,2,0.00497707017955976
"Volkswagen Golf",2018,3,0.00610169107715094
"Volkswagen Golf",2019,1,0.00355561218550004
"Volkswagen Golf",2019,2,0.00498571186113376
"Volkswagen Golf",2019,3,0.00654825836189046
"Volkswagen Golf",2020,1,0.014855295562902
"Volkswagen Golf",2020,2,0.0153143176754816
"Volkswagen Golf Alltrack",2018,1,0.0159042301285566
"Volkswagen Golf Alltrack",2018,2,0.0369141943456892
"Volkswagen Golf Alltrack",2018,3,0.0350258808342209
"Volkswagen Golf Alltrack",2019,1,0.0145765594276986
"Volkswagen Golf Alltrack",2019,2,0.00970093508038113
"Volkswagen Golf Alltrack",2019,3,0.0145966162589819
"Volkswagen Golf SportWagen",2018,1,0.0135010894846047
"Volkswagen Golf SportWagen",2018,2,0.0114723394863524
"Volkswagen Golf SportWagen",2018,3,0.015411498432276
"Volkswagen Golf SportWagen",2019,1,0.0140322849616974
"Volkswagen Golf SportWagen",2019,2,0.0396407224940855
"Volkswagen Golf SportWagen",2019,3,0.0223030046264717
"Volkswagen Jetta",2018,1,0.00974809467661295
"Volkswagen Jetta",2018,2,0.012384169071774
"Volkswagen Jetta",2018,3,0.0130972452945093
"Volkswagen Jetta",2019,1,0.0156266984129982
"Volkswagen Jetta",2019,2,0.0247080721462925
"Volkswagen Jetta",2019,3,0.0180375066725424
"Volkswagen Jetta",2020,1,0.0116853404155301
"Volkswagen Jetta",2020,2,0.0118415271459855
"Volkswagen Jetta",2020,3,0.0148128100505792
"Volkswagen Passat",2018,1,0.0142277887923574
"Volkswagen Passat",2018,2,0.0227846972404597
"Volkswagen Passat",2018,3,0.0133816559891735
"Volkswagen Passat",2019,1,0.0229426843965844
"Volkswagen Passat",2019,2,0.0414218361185127
"Volkswagen Passat",2019,3,0.0459373364499701
"Volkswagen Passat",2020,1,0.017597230536094
"Volkswagen Passat",2020,2,0.0206342654399436
"Volkswagen Passat",2020,3,0.0205240991213849
"Volkswagen Tiguan",2018,1,0.0109057875832474
"Volkswagen Tiguan",2018,2,0.00344480762584715
"Volkswagen Tiguan",2018,3,0.00384968839719867
"Volkswagen Tiguan",2019,1,0.00324457464082489
"Volkswagen Tiguan",2019,2,0.00307185939400082
"Volkswagen Tiguan",2019,3,0.0038891810235248
"Volkswagen Tiguan",2020,1,0.00726445101879308
"Volkswagen Tiguan",2020,2,0.0206021793746734
"Volkswagen Tiguan",2020,3,0.0092166732133563
"Volvo S60/Volvo V60",2018,1,0.00562387138710633
"Volvo S60/Volvo V60",2018,2,0.00475171956728235
"Volvo S60/Volvo V60",2018,3,0.00539700793774283
"Volvo S60/Volvo V60",2019,1,0.00503333638832249
"Volvo S60/Volvo V60",2019,2,0.00580679461880125
"Volvo S60/Volvo V60",2019,3,0.00750769681037079
"Volvo S60/Volvo V60",2020,1,0.00653105968278786
"Volvo S60/Volvo V60",2020,2,0.00553386686590545
"Volvo S60/Volvo V60",2020,3,0.00713421986952935
"Volvo S90/Volvo V90",2018,1,0.0113464537091134
"Volvo S90/Volvo V90",2018,2,0.0247149848816388
"Volvo S90/Volvo V90",2018,3,0.012147951168832
"Volvo S90/Volvo V90",2019,1,0.01770844329321
"Volvo S90/Volvo V90",2019,2,0.0155146619846311
"Volvo S90/Volvo V90",2019,3,0.017159832266225
"Volvo S90/Volvo V90",2020,1,0.0175232410254304
"Volvo S90/Volvo V90",2020,2,0.0170976952524661
"Volvo XC40",2018,1,0.0111181441969421
"Volvo XC40",2018,2,0.0119688592771781
"Volvo XC40",2018,3,0.0119902298887676
"Volvo XC40",2019,1,0.00524443085844544
"Volvo XC40",2019,2,0.00482411852838059
"Volvo XC40",2019,3,0.00513513482722616
"Volvo XC40",2020,1,0.00505647025586198
"Volvo XC40",2020,2,0.00512139712437708
"Volvo XC40",2020,3,0.00557751050664389
"Volvo XC60",2018,1,0.00402469428851547
"Volvo XC60",2018,2,0.00364301391441982
"Volvo XC60",2018,3,0.0130490589605344
"Volvo XC60",2019,1,0.00516949065318402
"Volvo XC60",2019,2,0.00382169894429143
"Volvo XC60",2019,3,0.0123394603385393
"Volvo XC60",2020,1,0.00470541345770805
"Volvo XC60",2020,2,0.0043452652575242
"Volvo XC60",2020,3,0.00532278836679645
"Volvo XC90",2018,1,0.0121564664443648
"Volvo XC90",2018,2,0.024318852104137
"Volvo XC90",2018,3,0.00814585270999303
"Volvo XC90",2019,1,0.0206213709489344
"Volvo XC90",2019,2,0.00873635522599435
"Volvo XC90",2019,3,0.00925633770154405
"Volvo XC90",2020,1,0.00976192381674536
"Volvo XC90",2020,2,0.0102223223222149
"Volvo XC90",2020,3,0.0107577900917945
